ID,PaperID,EntityName,EntityType
1,PMC1616946,NULL,NULL
2,PMC1616953,NULL,NULL
3,PMC1616970,NULL,NULL
4,PMC1635287,NULL,NULL
5,PMC1636417,NULL,NULL
6,PMC1636451,NULL,NULL
7,PMC1636460,NULL,NULL
8,PMC1636472,NULL,NULL
9,PMC1669763,NULL,NULL
10,PMC1751549,NULL,NULL
11,PMC1781101,NULL,NULL
12,PMC1802563,NULL,NULL
13,PMC1807961,NULL,NULL
14,PMC1874606,NULL,NULL
15,PMC1914094,NULL,NULL
16,PMC1919510,NULL,NULL
17,PMC1933182,NULL,NULL
18,PMC1933184,NULL,NULL
19,PMC1934988,NULL,NULL
20,PMC1976451,NULL,NULL
21,PMC1994780,NULL,NULL
22,PMC1994808,NULL,NULL
23,PMC2018615,NULL,NULL
24,PMC2018635,NULL,NULL
25,PMC2106561,NULL,NULL
26,PMC2113407,NULL,NULL
27,PMC2113797,NULL,NULL
28,PMC2113917,NULL,NULL
29,PMC2113985,NULL,NULL
30,PMC2114239,NULL,NULL
31,PMC2114261,NULL,NULL
32,PMC2114808,NULL,NULL
33,PMC2114809,NULL,NULL
34,PMC2115043,NULL,NULL
35,PMC2115162,NULL,NULL
36,PMC2115309,NULL,NULL
37,PMC2115421,NULL,NULL
38,PMC2115513,NULL,NULL
39,PMC2115535,NULL,NULL
40,PMC2115569,NULL,NULL
41,PMC2115698,NULL,NULL
42,PMC2115831,NULL,NULL
43,PMC2115898,NULL,NULL
44,PMC2115992,NULL,NULL
45,PMC2116277,NULL,NULL
46,PMC2116283,NULL,NULL
47,PMC2116293,NULL,NULL
48,PMC2118498,NULL,NULL
49,PMC2118742,NULL,NULL
50,PMC2119224,NULL,NULL
51,PMC2119354,NULL,NULL
52,PMC2119439,NULL,NULL
53,PMC2119546,NULL,NULL
54,PMC2119557,NULL,NULL
55,PMC2119699,NULL,NULL
56,PMC2119726,NULL,NULL
57,PMC2119736,NULL,NULL
58,PMC2119759,NULL,NULL
59,PMC2119850,NULL,NULL
60,PMC2119890,NULL,NULL
61,PMC2120028,NULL,NULL
62,PMC2120032,NULL,NULL
63,PMC2120086,NULL,NULL
64,PMC2120087,NULL,NULL
65,PMC2120216,NULL,NULL
66,PMC2120240,NULL,NULL
67,PMC2120273,NULL,NULL
68,PMC2120279,NULL,NULL
69,PMC2120588,NULL,NULL
70,PMC2120767,NULL,NULL
71,PMC2120888,NULL,NULL
72,PMC2121027,NULL,NULL
73,PMC2121066,NULL,NULL
74,PMC2121216,NULL,NULL
75,PMC2132526,NULL,NULL
76,PMC2132625,NULL,NULL
77,PMC2132786,NULL,NULL
78,PMC2132897,NULL,NULL
79,PMC2133957,NULL,NULL
80,PMC2134822,NULL,NULL
81,PMC2136532,NULL,NULL
82,PMC2136741,NULL,NULL
83,PMC2137639,NULL,NULL
84,PMC2138039,NULL,NULL
85,PMC2138373,NULL,NULL
86,PMC2138776,NULL,NULL
87,PMC2138781,NULL,NULL
88,PMC2148452,NULL,NULL
89,PMC2174331,NULL,NULL
90,PMC2174547,NULL,NULL
91,PMC2175352,NULL,NULL
92,PMC2176148,NULL,NULL
93,PMC2180621,NULL,NULL
94,PMC2186118,NULL,NULL
95,PMC2186133,NULL,NULL
96,PMC2186492,NULL,NULL
97,PMC2187068,NULL,NULL
98,PMC2188172,NULL,NULL
99,PMC2188233,NULL,NULL
100,PMC2188595,NULL,NULL
101,PMC2188644,NULL,NULL
102,PMC2189060,NULL,NULL
103,PMC2189285,NULL,NULL
104,PMC2190139,NULL,NULL
105,PMC2190814,NULL,NULL
106,PMC2191081,NULL,NULL
107,PMC2191380,NULL,NULL
108,PMC2191627,NULL,NULL
109,PMC2192190,NULL,NULL
110,PMC2192914,NULL,NULL
111,PMC2193284,NULL,NULL
112,PMC2193438,NULL,NULL
113,PMC2195568,NULL,NULL
114,PMC2195581,NULL,NULL
115,PMC2196344,NULL,NULL
116,PMC2196376,NULL,NULL
117,PMC2199941,NULL,NULL
118,PMC2199982,NULL,NULL
119,PMC2200012,NULL,NULL
120,PMC2200014,NULL,NULL
121,PMC2200027,NULL,NULL
122,PMC2200096,NULL,NULL
123,PMC2200098,NULL,NULL
124,PMC2211913,NULL,NULL
125,PMC2213046,NULL,NULL
126,PMC2213088,NULL,NULL
127,PMC2213096,NULL,NULL
128,PMC2238845,NULL,NULL
129,PMC2238867,NULL,NULL
130,PMC2239001,NULL,NULL
131,PMC2248741,NULL,NULL
132,PMC2248755,NULL,NULL
133,PMC2288887,NULL,NULL
134,PMC2289003,NULL,NULL
135,PMC2289203,NULL,NULL
136,PMC2289207,NULL,NULL
137,PMC2289244,NULL,NULL
138,PMC2289363,NULL,NULL
139,PMC2289426,NULL,NULL
140,PMC2289447,NULL,NULL
141,PMC2289488,NULL,NULL
142,PMC2289574,NULL,NULL
143,PMC2289601,NULL,NULL
144,PMC2289628,NULL,NULL
145,PMC2289743,NULL,NULL
146,PMC2289754,NULL,NULL
147,PMC2289920,NULL,NULL
148,PMC2290050,NULL,NULL
149,PMC2290952,NULL,NULL
150,PMC2291173,NULL,NULL
151,PMC2396418,NULL,NULL
152,PMC2396423,NULL,NULL
153,PMC2396482,NULL,NULL
154,PMC2396876,NULL,NULL
155,PMC2461042,NULL,NULL
156,PMC2518065,NSFC,ORG
157,PMC2518065,CAS,ORG
158,PMC2529389,NULL,NULL
159,PMC2566873,NULL,NULL
160,PMC2566878,NULL,NULL
161,PMC2582601,NULL,NULL
162,PMC2582611,NULL,NULL
163,PMC2582615,NULL,NULL
164,PMC2627448,NULL,NULL
165,PMC2628066,NULL,NULL
166,PMC2669640,NULL,NULL
167,PMC2686459,INRA,ORG
168,PMC2686459,French Ministry of Industry,ORG
169,PMC2686503,The Wellcome Trust,ORG
170,PMC2686580,NULL,NULL
171,PMC2687921,NULL,NULL
172,PMC2691522,NULL,NULL
173,PMC2697855,NULL,NULL
174,PMC2702078,NULL,NULL
175,PMC2703908,NULL,NULL
176,PMC2707758,NULL,NULL
177,PMC2708340,NULL,NULL
178,PMC2722016,NULL,NULL
179,PMC2722696,NULL,NULL
180,PMC2728245,NULL,NULL
181,PMC2728407,NULL,NULL
182,PMC2733992,NULL,NULL
183,PMC2737161,NULL,NULL
184,PMC2760787,NULL,NULL
185,PMC2765774,WHO,ORG
186,PMC2765774,Global Strategy,ORG
187,PMC2765774,World Health Assembly,ORG
188,PMC2769550,NULL,NULL
189,PMC2770652,NULL,NULL
190,PMC2770676,The American Cancer Society,ORG
191,PMC2779085,NULL,NULL
192,PMC2779236,NULL,NULL
193,PMC2779348,NULL,NULL
194,PMC2781767,NULL,NULL
195,PMC2790308,NULL,NULL
196,PMC2790309,NULL,NULL
197,PMC2792157,NULL,NULL
198,PMC2794165,NULL,NULL
199,PMC2800238,The Netherlands Organization for Scientific Research,ORG
200,PMC2800238,NIAID/NIH,ORG
201,PMC2802765,NULL,NULL
202,PMC2808258,NULL,NULL
203,PMC2808893,NULL,NULL
204,PMC2808970,NULL,NULL
205,PMC2821766,NULL,NULL
206,PMC2826090,NULL,NULL
207,PMC2831534,NULL,NULL
208,PMC2836554,NULL,NULL
209,PMC2840676,NULL,NULL
210,PMC2841756,NULL,NULL
211,PMC2842943,NULL,NULL
212,PMC2853144,The University of Western Australia,ORG
213,PMC2860123,NULL,NULL
214,PMC2860555,NULL,NULL
215,PMC2874996,Genome Institute of Singapore,ORG
216,PMC2874996,Exploit Technologies Pte Ltd,ORG
217,PMC2885272,NULL,NULL
218,PMC2888962,NULL,NULL
219,PMC2893312,NULL,NULL
220,PMC2896119,NULL,NULL
221,PMC2898916,United Nations,ORG
222,PMC2906266,NULL,NULL
223,PMC2908446,NULL,NULL
224,PMC2908874,NULL,NULL
225,PMC2918871,NULL,NULL
226,PMC2950260,NULL,NULL
227,PMC2957079,NULL,NULL
228,PMC2962437,NULL,NULL
229,PMC2965252,The Heart & Stroke Foundation,ORG
230,PMC2975989,NULL,NULL
231,PMC2982091,NULL,NULL
232,PMC2984239,NULL,NULL
233,PMC2990816,NULL,NULL
234,PMC2992613,Swedish International Development Cooperation Agency,ORG
235,PMC2992621,NULL,NULL
236,PMC2992623,NULL,NULL
237,PMC2995055,NULL,NULL
238,PMC2995068,NULL,NULL
239,PMC2995084,NULL,NULL
240,PMC2999709,Emergency Unit of Hospital Israelita Albert Einstein,ORG
241,PMC2999709,Angela Tavares Paes,PERSON
242,PMC2999709,Marcia Triunfol,PERSON
243,PMC2999940,NULL,NULL
244,PMC3001050,NULL,NULL
245,PMC3010063,NULL,NULL
246,PMC3013642,INRIA Rhône-Alpes,ORG
247,PMC3016214,NULL,NULL
248,PMC3017607,NULL,NULL
249,PMC3017695,NULL,NULL
250,PMC3020331,Julia Maria L.L. Silvestre,PERSON
251,PMC3020331,Patrícia Rieken,PERSON
252,PMC3022161,NULL,NULL
253,PMC3022365,NULL,NULL
254,PMC3023136,NULL,NULL
255,PMC3024564,NULL,NULL
256,PMC3025546,NULL,NULL
257,PMC3034460,NULL,NULL
258,PMC3035469,CIHR,ORG
259,PMC3070074,NULL,NULL
260,PMC3071052,NULL,NULL
261,PMC3072519,NULL,NULL
262,PMC3074093,NULL,NULL
263,PMC3074144,NULL,NULL
264,PMC3088805,NULL,NULL
265,PMC3089857,NULL,NULL
266,PMC3091528,NULL,NULL
267,PMC3098512,NULL,NULL
268,PMC3100511,NULL,NULL
269,PMC3109525,NULL,NULL
270,PMC3111606,NULL,NULL
271,PMC3113223,NULL,NULL
272,PMC3113570,NULL,NULL
273,PMC3122056,NULL,NULL
274,PMC3124712,NULL,NULL
275,PMC3129349,NULL,NULL
276,PMC3129944,NULL,NULL
277,PMC3134957,NULL,NULL
278,PMC3135369,NULL,NULL
279,PMC3137391,NULL,NULL
280,PMC3148463,NULL,NULL
281,PMC3149215,NULL,NULL
282,PMC3150756,NULL,NULL
283,PMC3150834,NULL,NULL
284,PMC3152369,NULL,NULL
285,PMC3155207,NULL,NULL
286,PMC3157269,NULL,NULL
287,PMC3159437,NULL,NULL
288,PMC3168224,NULL,NULL
289,PMC3169278,NULL,NULL
290,PMC3171979,NULL,NULL
291,PMC3174358,NULL,NULL
292,PMC3175036,NULL,NULL
293,PMC3175625,NULL,NULL
294,PMC3177209,NULL,NULL
295,PMC3181409,NULL,NULL
296,PMC3183689,NULL,NULL
297,PMC3187575,NULL,NULL
298,PMC3187650,NULL,NULL
299,PMC3196172,NULL,NULL
300,PMC3201003,Prof,PERSON
301,PMC3203579,The James Hutton Institute,ORG
302,PMC3203594,NULL,NULL
303,PMC3206246,NULL,NULL
304,PMC3216607,NULL,NULL
305,PMC3219211,NULL,NULL
306,PMC3221370,NULL,NULL
307,PMC3221602,NULL,NULL
308,PMC3225591,NULL,NULL
309,PMC3225954,NULL,NULL
310,PMC3234644,NULL,NULL
311,PMC3236064,NULL,NULL
312,PMC3241673,NULL,NULL
313,PMC3245011,US National Institute of Allergy & Infectious Diseases,ORG
314,PMC3245049,NULL,NULL
315,PMC3245074,NULL,NULL
316,PMC3245552,NULL,NULL
317,PMC3245918,NULL,NULL
318,PMC3246895,NULL,NULL
319,PMC3251767,NULL,NULL
320,PMC3255489,NULL,NULL
321,PMC3258558,NULL,NULL
322,PMC3258774,NULL,NULL
323,PMC3260743,NULL,NULL
324,PMC3261719,NULL,NULL
325,PMC3273816,University of Michigan,ORG
326,PMC3273816,NSF,ORG
327,PMC3274655,NULL,NULL
328,PMC3277274,NULL,NULL
329,PMC3278951,NULL,NULL
330,PMC3282974,NULL,NULL
331,PMC3284074,NULL,NULL
332,PMC3285771,NULL,NULL
333,PMC3286841,NULL,NULL
334,PMC3287201,Netherlands Organization,ORG
335,PMC3287201,Council for Chemical Sciences,ORG
336,PMC3290766,NULL,NULL
337,PMC3302712,NULL,NULL
338,PMC3303483,NULL,NULL
339,PMC3308597,NULL,NULL
340,PMC3315321,NULL,NULL
341,PMC3317351,NULL,NULL
342,PMC3324788,NULL,NULL
343,PMC3329602,NULL,NULL
344,PMC3339311,NULL,NULL
345,PMC3342007,NULL,NULL
346,PMC3342036,NULL,NULL
347,PMC3343228,NULL,NULL
348,PMC3349948,NULL,NULL
349,PMC3355350,NULL,NULL
350,PMC3361041,NULL,NULL
351,PMC3367200,NULL,NULL
352,PMC3369187,NULL,NULL
353,PMC3374460,NULL,NULL
354,PMC3378931,NULL,NULL
355,PMC3381238,NULL,NULL
356,PMC3381478,NULL,NULL
357,PMC3388232,NULL,NULL
358,PMC3390060,NULL,NULL
359,PMC3390586,NULL,NULL
360,PMC3394299,NULL,NULL
361,PMC3399218,NULL,NULL
362,PMC3402560,NULL,NULL
363,PMC3405768,NULL,NULL
364,PMC3406580,NULL,NULL
365,PMC3410365,NULL,NULL
366,PMC3417704,NULL,NULL
367,PMC3419519,NULL,NULL
368,PMC3426331,NULL,NULL
369,PMC3426340,NULL,NULL
370,PMC3430925,NULL,NULL
371,PMC3431893,NULL,NULL
372,PMC3438601,NULL,NULL
373,PMC3442825,NULL,NULL
374,PMC3458567,NULL,NULL
375,PMC3462331,NULL,NULL
376,PMC3468988,NULL,NULL
377,PMC3469809,NULL,NULL
378,PMC3477689,NULL,NULL
379,PMC3481691,NULL,NULL
380,PMC3481713,NULL,NULL
381,PMC3484385,NULL,NULL
382,PMC3484391,NULL,NULL
383,PMC3486933,NULL,NULL
384,PMC3487775,NULL,NULL
385,PMC3488215,NULL,NULL
386,PMC3494269,NULL,NULL
387,PMC3509437,NULL,NULL
388,PMC3510274,NULL,NULL
389,PMC3510291,NULL,NULL
390,PMC3511674,NULL,NULL
391,PMC3513596,NULL,NULL
392,PMC3516834,NULL,NULL
393,PMC3520107,NULL,NULL
394,PMC3520110,NULL,NULL
395,PMC3522051,NULL,NULL
396,PMC3522074,NULL,NULL
397,PMC3524425,NULL,NULL
398,PMC3524436,NULL,NULL
399,PMC3526318,NULL,NULL
400,PMC3532038,NULL,NULL
401,PMC3534160,NULL,NULL
402,PMC3542382,NULL,NULL
403,PMC3545344,Animal Protection Agency,ORG
404,PMC3545344,Ethical Treatment of Animals,ORG
405,PMC3545344,Katie Timmins,PERSON
406,PMC3545344,Lia Richter,PERSON
407,PMC3545344,Directorate-General for the Environment of the European Commission,ORG
408,PMC3546101,NULL,NULL
409,PMC3546555,NULL,NULL
410,PMC3547315,NULL,NULL
411,PMC3551544,NULL,NULL
412,PMC3551862,NULL,NULL
413,PMC3560527,NULL,NULL
414,PMC3560529,NULL,NULL
415,PMC3561941,NULL,NULL
416,PMC3561942,NULL,NULL
417,PMC3562464,NULL,NULL
418,PMC3564246,NULL,NULL
419,PMC3572670,NULL,NULL
420,PMC3573664,NULL,NULL
421,PMC3575852,NULL,NULL
422,PMC3583941,NULL,NULL
423,PMC3589936,NULL,NULL
424,PMC3590596,NULL,NULL
425,PMC3592391,NULL,NULL
426,PMC3594835,NULL,NULL
427,PMC3601075,NULL,NULL
428,PMC3611044,NULL,NULL
429,PMC3612580,NULL,NULL
430,PMC3612822,NULL,NULL
431,PMC3614188,NULL,NULL
432,PMC3615232,NULL,NULL
433,PMC3616298,Dr T Killeen,PERSON
434,PMC3616298,Dr A Lee.,PERSON
435,PMC3622931,NULL,NULL
436,PMC3623508,NULL,NULL
437,PMC3623509,NULL,NULL
438,PMC3629412,NULL,NULL
439,PMC3630490,NULL,NULL
440,PMC3630908,NULL,NULL
441,PMC3630911,NULL,NULL
442,PMC3630917,NULL,NULL
443,PMC3630921,NULL,NULL
444,PMC3630924,NULL,NULL
445,PMC3630944,NULL,NULL
446,PMC3633051,NULL,NULL
447,PMC3634133,NULL,NULL
448,PMC3635619,NULL,NULL
449,PMC3636424,NULL,NULL
450,PMC3636592,NULL,NULL
451,PMC3636593,NULL,NULL
452,PMC3643606,NULL,NULL
453,PMC3653076,NULL,NULL
454,PMC3654292,NULL,NULL
455,PMC3654617,NULL,NULL
456,PMC3656442,NULL,NULL
457,PMC3663187,NULL,NULL
458,PMC3667678,NULL,NULL
459,PMC3667930,NULL,NULL
460,PMC3674345,NULL,NULL
461,PMC3675401,NULL,NULL
462,PMC3677989,NULL,NULL
463,PMC3685213,NULL,NULL
464,PMC3693495,NULL,NULL
465,PMC3694184,NULL,NULL
466,PMC3694681,NULL,NULL
467,PMC3697302,NULL,NULL
468,PMC3697305,NULL,NULL
469,PMC3702304,NULL,NULL
470,PMC3709478,NULL,NULL
471,PMC3710332,NULL,NULL
472,PMC3710976,NULL,NULL
473,PMC3718922,NULL,NULL
474,PMC3729974,NULL,NULL
475,PMC3730437,NULL,NULL
476,PMC3731569,NULL,NULL
477,PMC3747576,NULL,NULL
478,PMC3747587,NULL,NULL
479,PMC3747588,NULL,NULL
480,PMC3747681,NULL,NULL
481,PMC3760253,NULL,NULL
482,PMC3760282,NULL,NULL
483,PMC3763004,NULL,NULL
484,PMC3767107,NULL,NULL
485,PMC3768551,NULL,NULL
486,PMC3768659,NULL,NULL
487,PMC3768804,NULL,NULL
488,PMC3768834,NULL,NULL
489,PMC3768995,NULL,NULL
490,PMC3769032,NULL,NULL
491,PMC3769739,NULL,NULL
492,PMC3771849,NULL,NULL
493,PMC3774192,NULL,NULL
494,PMC3780943,NULL,NULL
495,PMC3783221,NULL,NULL
496,PMC3789162,NULL,NULL
497,PMC3790563,NULL,NULL
498,PMC3791557,NULL,NULL
499,PMC3805478,NULL,NULL
500,PMC3808761,NULL,NULL
501,PMC3812708,NULL,NULL
502,PMC3815086,NULL,NULL
503,PMC3817296,NULL,NULL
504,PMC3819613,NULL,NULL
505,PMC3820982,NULL,NULL
506,PMC3821288,NULL,NULL
507,PMC3824676,NULL,NULL
508,PMC3825547,NULL,NULL
509,PMC3832874,NULL,NULL
510,PMC3836038,NULL,NULL
511,PMC3837310,NULL,NULL
512,PMC3841740,NULL,NULL
513,PMC3844138,NULL,NULL
514,PMC3845231,NULL,NULL
515,PMC3845460,NULL,NULL
516,PMC3854218,NULL,NULL
517,PMC3854287,NULL,NULL
518,PMC3859855,NULL,NULL
519,PMC3862517,NULL,NULL
520,PMC3863901,NULL,NULL
521,PMC3870239,NULL,NULL
522,PMC3870251,NULL,NULL
523,PMC3880875,NULL,NULL
524,PMC3884114,NULL,NULL
525,PMC3884606,NULL,NULL
526,PMC3888612,NULL,NULL
527,PMC3889190,NULL,NULL
528,PMC3890348,NULL,NULL
529,PMC3890450,NULL,NULL
530,PMC3892980,NULL,NULL
531,PMC3894144,NULL,NULL
532,PMC3896911,NULL,NULL
533,PMC3898084,NULL,NULL
534,PMC3902515,NULL,NULL
535,PMC3903276,NULL,NULL
536,PMC3906351,NULL,NULL
537,PMC3906923,NULL,NULL
538,PMC3908835,NULL,NULL
539,PMC3924557,NULL,NULL
540,PMC3925713,NULL,NULL
541,PMC3929437,NULL,NULL
542,PMC3933759,NULL,NULL
543,PMC3933865,NULL,NULL
544,PMC3934375,NULL,NULL
545,PMC3935109,NULL,NULL
546,PMC3940032,NULL,NULL
547,PMC3940034,NULL,NULL
548,PMC3942934,NULL,NULL
549,PMC3942943,NULL,NULL
550,PMC3942952,NULL,NULL
551,PMC3944817,NULL,NULL
552,PMC3948156,NULL,NULL
553,PMC3948574,NULL,NULL
554,PMC3948575,NULL,NULL
555,PMC3950506,NULL,NULL
556,PMC3950510,NULL,NULL
557,PMC3950703,NULL,NULL
558,PMC3950709,NULL,NULL
559,PMC3952682,NULL,NULL
560,PMC3958797,NULL,NULL
561,PMC3966050,NULL,NULL
562,PMC3966462,NULL,NULL
563,PMC3968920,NULL,NULL
564,PMC3969340,NULL,NULL
565,PMC3970591,NULL,NULL
566,PMC3971587,NULL,NULL
567,PMC3973232,NULL,NULL
568,PMC3973752,NULL,NULL
569,PMC3973770,NULL,NULL
570,PMC3975787,NULL,NULL
571,PMC3977350,NULL,NULL
572,PMC3977356,NULL,NULL
573,PMC3977357,NULL,NULL
574,PMC3977362,NULL,NULL
575,PMC3984023,NULL,NULL
576,PMC3987727,NULL,NULL
577,PMC3999320,NULL,NULL
578,PMC4003542,NULL,NULL
579,PMC4004752,NULL,NULL
580,PMC4005542,NULL,NULL
581,PMC4008463,NULL,NULL
582,PMC4009844,NULL,NULL
583,PMC4010836,NULL,NULL
584,PMC4012075,NULL,NULL
585,PMC4030454,NULL,NULL
586,PMC4031839,NULL,NULL
587,PMC4038137,NULL,NULL
588,PMC4046879,NULL,NULL
589,PMC4047981,NULL,NULL
590,PMC4050357,NULL,NULL
591,PMC4050778,NULL,NULL
592,PMC4050779,NULL,NULL
593,PMC4050803,NULL,NULL
594,PMC4050831,NULL,NULL
595,PMC4050833,NULL,NULL
596,PMC4051363,NULL,NULL
597,PMC4061542,NULL,NULL
598,PMC4062561,NULL,NULL
599,PMC4063810,NULL,NULL
600,PMC4064153,NULL,NULL
601,PMC4064644,NULL,NULL
602,PMC4068259,NULL,NULL
603,PMC4075839,NULL,NULL
604,PMC4083073,NULL,NULL
605,PMC4083078,NULL,NULL
606,PMC4085092,NULL,NULL
607,PMC4086774,NULL,NULL
608,PMC4087222,NULL,NULL
609,PMC4091371,NULL,NULL
610,PMC4093122,NULL,NULL
611,PMC4093518,NULL,NULL
612,PMC4104449,NULL,NULL
613,PMC4105094,NULL,NULL
614,PMC4112425,NULL,NULL
615,PMC4112489,NULL,NULL
616,PMC4117846,NULL,NULL
617,PMC4120199,NULL,NULL
618,PMC4126003,NULL,NULL
619,PMC4128357,NULL,NULL
620,PMC4128368,NULL,NULL
621,PMC4129829,NULL,NULL
622,PMC4135247,NULL,NULL
623,PMC4139405,NULL,NULL
624,PMC4139753,Ministry of Health,ORG
625,PMC4140326,NULL,NULL
626,PMC4142007,NULL,NULL
627,PMC4142259,NULL,NULL
628,PMC4143205,NULL,NULL
629,PMC4145683,NULL,NULL
630,PMC4147232,NULL,NULL
631,PMC4149400,NULL,NULL
632,PMC4149408,NULL,NULL
633,PMC4155143,NULL,NULL
634,PMC4155196,NULL,NULL
635,PMC4161237,NULL,NULL
636,PMC4161254,Samara,PERSON
637,PMC4161254,Abdoun,PERSON
638,PMC4161258,NULL,NULL
639,PMC4168190,NULL,NULL
640,PMC4169035,NULL,NULL
641,PMC4172075,NULL,NULL
642,PMC4173777,NULL,NULL
643,PMC4184618,NULL,NULL
644,PMC4184620,NULL,NULL
645,PMC4186572,NULL,NULL
646,PMC4189876,NULL,NULL
647,PMC4192311,NULL,NULL
648,PMC4195833,NULL,NULL
649,PMC4197156,NULL,NULL
650,PMC4197162,NULL,NULL
651,PMC4198843,NULL,NULL
652,PMC4203519,NULL,NULL
653,PMC4206072,NULL,NULL
654,PMC4211911,NULL,NULL
655,PMC4212244,NULL,NULL
656,PMC4217180,NULL,NULL
657,PMC4222101,NULL,NULL
658,PMC4226520,NULL,NULL
659,PMC4227773,NULL,NULL
660,PMC4231732,NULL,NULL
661,PMC4232041,NULL,NULL
662,PMC4232325,NULL,NULL
663,PMC4238762,NULL,NULL
664,PMC4238841,NULL,NULL
665,PMC4240341,NULL,NULL
666,PMC4246845,NULL,NULL
667,PMC4248271,NULL,NULL
668,PMC4258649,NULL,NULL
669,PMC4264590,Convalescent Plasma Study Group,ORG
670,PMC4264590,Ana L. P. Mateus,PERSON
671,PMC4264590,Xiaolin Xu,PERSON
672,PMC4264590,Irina Papieva.,PERSON
673,PMC4265264,NULL,NULL
674,PMC4267700,NULL,NULL
675,PMC4267971,NULL,NULL
676,PMC4269340,NULL,NULL
677,PMC4269591,NULL,NULL
678,PMC4271556,NULL,NULL
679,PMC4271557,NULL,NULL
680,PMC4271558,NULL,NULL
681,PMC4271727,NULL,NULL
682,PMC4277684,NULL,NULL
683,PMC4278541,NULL,NULL
684,PMC4278543,NULL,NULL
685,PMC4278915,NULL,NULL
686,PMC4281794,NULL,NULL
687,PMC4281811,NULL,NULL
688,PMC4282400,NULL,NULL
689,PMC4284445,NULL,NULL
690,PMC4286711,NULL,NULL
691,PMC4288931,NULL,NULL
692,PMC4291752,NULL,NULL
693,PMC4293217,NULL,NULL
694,PMC4293570,NULL,NULL
695,PMC4293670,NULL,NULL
696,PMC4296304,NULL,NULL
697,PMC4301222,NULL,NULL
698,PMC4313107,NULL,NULL
699,PMC4313108,NULL,NULL
700,PMC4313916,NULL,NULL
701,PMC4323416,NULL,NULL
702,PMC4323420,NULL,NULL
703,PMC4324244,NULL,NULL
704,PMC4330990,NULL,NULL
705,PMC4332998,NULL,NULL
706,PMC4334082,NULL,NULL
707,PMC4336315,NULL,NULL
708,PMC4336463,NULL,NULL
709,PMC4337577,NULL,NULL
710,PMC4345289,NULL,NULL
711,PMC4347051,NULL,NULL
712,PMC4347921,NULL,NULL
713,PMC4353274,NULL,NULL
714,PMC4354915,NULL,NULL
715,PMC4357698,NULL,NULL
716,PMC4357711,NULL,NULL
717,PMC4359970,NULL,NULL
718,PMC4361454,EVD,ORG
719,PMC4362136,NULL,NULL
720,PMC4362149,NULL,NULL
721,PMC4362160,NULL,NULL
722,PMC4362192,Ammar Al-Rikabi,PERSON
723,PMC4362192,Ehab Shehata.,PERSON
724,PMC4362367,NULL,NULL
725,PMC4365865,NULL,NULL
726,PMC4378291,NULL,NULL
727,PMC4383725,NULL,NULL
728,PMC4383781,NULL,NULL
729,PMC4386240,NULL,NULL
730,PMC4390074,NULL,NULL
731,PMC4400492,NULL,NULL
732,PMC4403815,NULL,NULL
733,PMC4404471,NULL,NULL
734,PMC4404480,NULL,NULL
735,PMC4404484,NULL,NULL
736,PMC4411509,NULL,NULL
737,PMC4417706,NULL,NULL
738,PMC4420971,NULL,NULL
739,PMC4428716,NULL,NULL
740,PMC4429758,NULL,NULL
741,PMC4431472,NULL,NULL
742,PMC4440000,NULL,NULL
743,PMC4441753,NULL,NULL
744,PMC4442129,NULL,NULL
745,PMC4442135,NULL,NULL
746,PMC4444478,NULL,NULL
747,PMC4447251,NULL,NULL
748,PMC4451266,NULL,NULL
749,PMC4452808,NULL,NULL
750,PMC4453508,NULL,NULL
751,PMC4453524,NULL,NULL
752,PMC4453528,NULL,NULL
753,PMC4453530,NULL,NULL
754,PMC4453553,NIH,ORG
755,PMC4453572,NULL,NULL
756,PMC4460227,NULL,NULL
757,PMC4462628,NULL,NULL
758,PMC4462827,NULL,NULL
759,PMC4463987,NULL,NULL
760,PMC4465343,NULL,NULL
761,PMC4471565,NIH,ORG
762,PMC4472542,NULL,NULL
763,PMC4479704,NULL,NULL
764,PMC4479933,NULL,NULL
765,PMC4480260,NULL,NULL
766,PMC4481042,NULL,NULL
767,PMC4481840,NULL,NULL
768,PMC4485063,NULL,NULL
769,PMC4487375,NULL,NULL
770,PMC4487406,NULL,NULL
771,PMC4487568,NULL,NULL
772,PMC4488400,NULL,NULL
773,PMC4488949,NULL,NULL
774,PMC4492419,NULL,NULL
775,PMC4493273,NULL,NULL
776,PMC4495271,NULL,NULL
777,PMC4499600,NULL,NULL
778,PMC4505336,NULL,NULL
779,PMC4512356,NULL,NULL
780,PMC4512412,NULL,NULL
781,PMC4512424,NULL,NULL
782,PMC4512432,NULL,NULL
783,PMC4512434,NULL,NULL
784,PMC4512435,NULL,NULL
785,PMC4513083,NULL,NULL
786,PMC4520955,NULL,NULL
787,PMC4520957,NULL,NULL
788,PMC4521110,NULL,NULL
789,PMC4524901,NULL,NULL
790,PMC4527498,NULL,NULL
791,PMC4530203,NULL,NULL
792,PMC4532837,NULL,NULL
793,PMC4532843,NULL,NULL
794,PMC4533026,NULL,NULL
795,PMC4541644,NULL,NULL
796,PMC4542194,NULL,NULL
797,PMC4542197,NULL,NULL
798,PMC4542295,NULL,NULL
799,PMC4543183,NULL,NULL
800,PMC4546987,NULL,NULL
801,PMC4546989,NULL,NULL
802,PMC4554399,NULL,NULL
803,PMC4556179,NULL,NULL
804,PMC4558561,NULL,NULL
805,PMC4561741,NULL,NULL
806,PMC4562447,NULL,NULL
807,PMC4564534,NULL,NULL
808,PMC4564540,NULL,NULL
809,PMC4564551,NULL,NULL
810,PMC4567211,NULL,NULL
811,PMC4567785,NULL,NULL
812,PMC4568430,NULL,NULL
813,PMC4569648,NULL,NULL
814,PMC4575394,NULL,NULL
815,PMC4581751,NULL,NULL
816,PMC4584133,NULL,NULL
817,PMC4588020,NULL,NULL
818,PMC4588446,WHO,ORG
819,PMC4588555,NULL,NULL
820,PMC4590296,NULL,NULL
821,PMC4591155,NULL,NULL
822,PMC4591909,NULL,NULL
823,PMC4599061,NULL,NULL
824,PMC4600111,NULL,NULL
825,PMC4600119,NULL,NULL
826,PMC4600707,NULL,NULL
827,PMC4601230,NULL,NULL
828,PMC4602679,NULL,NULL
829,PMC4603270,NULL,NULL
830,PMC4604269,NULL,NULL
831,PMC4607778,NULL,NULL
832,PMC4609037,NULL,NULL
833,PMC4611031,NULL,NULL
834,PMC4611036,NULL,NULL
835,PMC4611038,NULL,NULL
836,PMC4611044,NULL,NULL
837,PMC4612096,NULL,NULL
838,PMC4614609,NULL,NULL
839,PMC4615106,NULL,NULL
840,PMC4615557,NULL,NULL
841,PMC4620467,NULL,NULL
842,PMC4621204,NULL,NULL
843,PMC4622443,NULL,NULL
844,PMC4626121,NULL,NULL
845,PMC4626187,NULL,NULL
846,PMC4627939,NULL,NULL
847,PMC4629080,NULL,NULL
848,PMC4629423,NULL,NULL
849,PMC4630450,NULL,NULL
850,PMC4630490,NULL,NULL
851,PMC4631129,NULL,NULL
852,PMC4633756,NULL,NULL
853,PMC4633757,NULL,NULL
854,PMC4634622,NULL,NULL
855,PMC4634784,NULL,NULL
856,PMC4638059,NULL,NULL
857,PMC4638304,NULL,NULL
858,PMC4643759,NULL,NULL
859,PMC4644002,NULL,NULL
860,PMC4645662,NULL,NULL
861,PMC4652763,NULL,NULL
862,PMC4659470,NULL,NULL
863,PMC4659882,NULL,NULL
864,PMC4666125,NULL,NULL
865,PMC4670481,NULL,NULL
866,PMC4672621,NULL,NULL
867,PMC4673539,NULL,NULL
868,PMC4676639,NULL,NULL
869,PMC4676640,NULL,NULL
870,PMC4676641,NULL,NULL
871,PMC4676643,NULL,NULL
872,PMC4676647,NULL,NULL
873,PMC4677596,NULL,NULL
874,PMC4678103,NULL,NULL
875,PMC4680923,NULL,NULL
876,PMC4686052,NULL,NULL
877,PMC4689825,NULL,NULL
878,PMC4697775,NULL,NULL
879,PMC4697958,NULL,NULL
880,PMC4699381,BGS,ORG
881,PMC4701734,NULL,NULL
882,PMC4701735,NULL,NULL
883,PMC4701834,NULL,NULL
884,PMC4702564,NULL,NULL
885,PMC4703943,NULL,NULL
886,PMC4704643,NULL,NULL
887,PMC4706628,NULL,NULL
888,PMC4708198,NULL,NULL
889,PMC4708214,NULL,NULL
890,PMC4710203,NULL,NULL
891,PMC4712384,NULL,NULL
892,PMC4713849,NULL,NULL
893,PMC4715164,NULL,NULL
894,PMC4715417,NULL,NULL
895,PMC4716276,NULL,NULL
896,PMC4716277,NULL,NULL
897,PMC4716282,NULL,NULL
898,PMC4717996,NULL,NULL
899,PMC4718311,NULL,NULL
900,PMC4718316,NULL,NULL
901,PMC4720805,NULL,NULL
902,PMC4722605,NULL,NULL
903,PMC4724787,NULL,NULL
904,PMC4724997,NULL,NULL
905,PMC4726865,NULL,NULL
906,PMC4729515,NULL,NULL
907,PMC4736877,NULL,NULL
908,PMC4738455,General Practices & Medical Centres,ORG
909,PMC4738455,Wellington Hospital Emergency Department,ORG
910,PMC4738455,Health Research Council,ORG
911,PMC4742329,NULL,NULL
912,PMC4742593,NULL,NULL
913,PMC4745090,NULL,NULL
914,PMC4747065,NULL,NULL
915,PMC4749923,NULL,NULL
916,PMC4750511,NULL,NULL
917,PMC4750516,NULL,NULL
918,PMC4751110,NULL,NULL
919,PMC4751137,NULL,NULL
920,PMC4752599,NULL,NULL
921,PMC4752600,NULL,NULL
922,PMC4755156,NULL,NULL
923,PMC4755196,NULL,NULL
924,PMC4756890,NULL,NULL
925,PMC4761681,NULL,NULL
926,PMC4763971,NULL,NULL
927,PMC4765498,NULL,NULL
928,PMC4766384,NULL,NULL
929,PMC4769323,NULL,NULL
930,PMC4769415,NULL,NULL
931,PMC4773259,NULL,NULL
932,PMC4773263,NULL,NULL
933,PMC4776264,NULL,NULL
934,PMC4776270,NULL,NULL
935,PMC4780195,NULL,NULL
936,PMC4780872,NULL,NULL
937,PMC4782938,NULL,NULL
938,PMC4785132,NULL,NULL
939,PMC4786625,NULL,NULL
940,PMC4787606,NULL,NULL
941,PMC4787807,NULL,NULL
942,PMC4791852,NULL,NULL
943,PMC4799569,NULL,NULL
944,PMC4800114,NULL,NULL
945,PMC4803184,NULL,NULL
946,PMC4803300,NULL,NULL
947,PMC4810350,NULL,NULL
948,PMC4810480,NULL,NULL
949,PMC4820156,NULL,NULL
950,PMC4820803,NULL,NULL
951,PMC4821650,NULL,NULL
952,PMC4824079,NULL,NULL
953,PMC4828494,NULL,NULL
954,PMC4829277,NULL,NULL
955,PMC4829367,NULL,NULL
956,PMC4829374,NULL,NULL
957,PMC4829501,NULL,NULL
958,PMC4829504,NULL,NULL
959,PMC4830329,NULL,NULL
960,PMC4832832,University of Frankfurt,ORG
961,PMC4832832,LAB,ORG
962,PMC4832832,Leentje Persoons,PERSON
963,PMC4832832,Lizette van Berckelaer,PERSON
964,PMC4834006,NULL,NULL
965,PMC4835433,NULL,NULL
966,PMC4835438,NULL,NULL
967,PMC4837812,NULL,NULL
968,PMC4838681,NULL,NULL
969,PMC4838766,NULL,NULL
970,PMC4839792,NULL,NULL
971,PMC4850385,NULL,NULL
972,PMC4854654,NULL,NULL
973,PMC4855066,NULL,NULL
974,PMC4856955,NULL,NULL
975,PMC4856979,NULL,NULL
976,PMC4857328,NULL,NULL
977,PMC4858066,CEVA Santè Animale,PERSON
978,PMC4858066,Royal Canin,ORG
979,PMC4858066,Aratana Therapeutics AV,ORG
980,PMC4858066,Portuguese Foundation for Science & Technology,ORG
981,PMC4858066,Merial,ORG
982,PMC4858066,Texas A&M University,ORG
983,PMC4858066,IDEXX,ORG
984,PMC4858066,University of Florida College,ORG
985,PMC4858066,MSD,ORG
986,PMC4858066,Orion Ltd.,ORG
987,PMC4858066,International Renal Interest Society European Emesis Council,ORG
988,PMC4858066,Vetoquinol Ltd,ORG
989,PMC4869630,NULL,NULL
990,PMC4871622,NULL,NULL
991,PMC4873850,NULL,NULL
992,PMC4877525,NULL,NULL
993,PMC4879238,NULL,NULL
994,PMC4882208,NULL,NULL
995,PMC4890194,NULL,NULL
996,PMC4891544,NULL,NULL
997,PMC4895366,NULL,NULL
998,PMC4895374,NULL,NULL
999,PMC4895413,NULL,NULL
1000,PMC4895503,NULL,NULL
1001,PMC4899559,NULL,NULL
1002,PMC4900083,NULL,NULL
1003,PMC4902475,NULL,NULL
1004,PMC4905846,NULL,NULL
1005,PMC4907785,NULL,NULL
1006,PMC4907786,NULL,NULL
1007,PMC4907787,NULL,NULL
1008,PMC4909826,NULL,NULL
1009,PMC4910139,NULL,NULL
1010,PMC4912005,NULL,NULL
1011,PMC4913562,NULL,NULL
1012,PMC4913621,AJG Readership,ORG
1013,PMC4913621,SLH,ORG
1014,PMC4913621,Royal Canin,ORG
1015,PMC4913621,Faculty of Veterinary Science,ORG
1016,PMC4913621,Luoda Pharma,ORG
1017,PMC4913621,Eric Horatio Maclean Scholarship,ORG
1018,PMC4913621,CEVA,ORG
1019,PMC4913621,University of Nottingham,ORG
1020,PMC4913621,LJD PhD,ORG
1021,PMC4913621,RVC,ORG
1022,PMC4913621,Portuguese Foundation for Science & Technology,ORG
1023,PMC4913621,Novartis Animal Health,ORG
1024,PMC4913621,Cátia Marques,ORG
1025,PMC4913621,Zoetis,PERSON
1026,PMC4913621,Bayer Animal Health,ORG
1027,PMC4913651,NULL,NULL
1028,PMC4913655,NULL,NULL
1029,PMC4916260,United Nations,ORG
1030,PMC4916260,Arid Lands Resource Management Project,ORG
1031,PMC4916260,Centre for Disease Control,ORG
1032,PMC4916766,NULL,NULL
1033,PMC4927308,NULL,NULL
1034,PMC4932258,NULL,NULL
1035,PMC4932560,NULL,NULL
1036,PMC4933631,NULL,NULL
1037,PMC4937135,NULL,NULL
1038,PMC4940488,NULL,NULL
1039,PMC4940489,NULL,NULL
1040,PMC4943552,NULL,NULL
1041,PMC4943806,NULL,NULL
1042,PMC4945720,NULL,NULL
1043,PMC4945721,NULL,NULL
1044,PMC4945727,NULL,NULL
1045,PMC4945728,NULL,NULL
1046,PMC4945729,NULL,NULL
1047,PMC4945730,NULL,NULL
1048,PMC4945733,NULL,NULL
1049,PMC4946541,NULL,NULL
1050,PMC4948166,NULL,NULL
1051,PMC4951746,NULL,NULL
1052,PMC4957446,NULL,NULL
1053,PMC4963060,NULL,NULL
1054,PMC4966430,NULL,NULL
1055,PMC4967455,"MedImmune, LLC",ORG
1056,PMC4968982,NULL,NULL
1057,PMC4975254,NULL,NULL
1058,PMC4976580,NULL,NULL
1059,PMC4978602,NULL,NULL
1060,PMC4985841,NULL,NULL
1061,PMC4989884,NULL,NULL
1062,PMC4989901,NULL,NULL
1063,PMC4991744,NULL,NULL
1064,PMC4994731,NULL,NULL
1065,PMC4997950,NULL,NULL
1066,PMC4998464,NULL,NULL
1067,PMC4998743,NULL,NULL
1068,PMC5004442,NULL,NULL
1069,PMC5004452,NULL,NULL
1070,PMC5005135,NULL,NULL
1071,PMC5007427,NULL,NULL
1072,PMC5008133,NULL,NULL
1073,PMC5008254,NULL,NULL
1074,PMC5014217,NULL,NULL
1075,PMC5014487,NULL,NULL
1076,PMC5014526,NULL,NULL
1077,PMC5016750,NULL,NULL
1078,PMC5016770,NULL,NULL
1079,PMC5026698,NULL,NULL
1080,PMC5029213,NULL,NULL
1081,PMC5035357,NULL,NULL
1082,PMC5037297,NULL,NULL
1083,PMC5038202,NULL,NULL
1084,PMC5038994,NULL,NULL
1085,PMC5040022,NULL,NULL
1086,PMC5043089,NULL,NULL
1087,PMC5045143,NULL,NULL
1088,PMC5047409,NULL,NULL
1089,PMC5047977,NULL,NULL
1090,PMC5048125,NULL,NULL
1091,PMC5049717,NULL,NULL
1092,PMC5049741,Gates Foundation,ORG
1093,PMC5049741,WHO,ORG
1094,PMC5050462,NULL,NULL
1095,PMC5052379,NULL,NULL
1096,PMC5052424,NULL,NULL
1097,PMC5052842,NULL,NULL
1098,PMC5054186,NULL,NULL
1099,PMC5054193,NULL,NULL
1100,PMC5054412,NULL,NULL
1101,PMC5054515,NULL,NULL
1102,PMC5056202,NULL,NULL
1103,PMC5059364,NULL,NULL
1104,PMC5059372,NULL,NULL
1105,PMC5062990,NULL,NULL
1106,PMC5068231,NULL,NULL
1107,PMC5069610,NULL,NULL
1108,PMC5071688,NULL,NULL
1109,PMC5075008,NULL,NULL
1110,PMC5075545,NULL,NULL
1111,PMC5081299,NULL,NULL
1112,PMC5082769,NULL,NULL
1113,PMC5085274,NULL,NULL
1114,PMC5086027,NULL,NULL
1115,PMC5089601,NULL,NULL
1116,PMC5089636,NULL,NULL
1117,PMC5089651,NULL,NULL
1118,PMC5092010,NULL,NULL
1119,PMC5095633,NULL,NULL
1120,PMC5096632,NULL,NULL
1121,PMC5098447,NULL,NULL
1122,PMC5098453,NULL,NULL
1123,PMC5099592,NULL,NULL
1124,PMC5102922,NULL,NULL
1125,PMC5103349,NULL,NULL
1126,PMC5103711,NULL,NULL
1127,PMC5107625,NULL,NULL
1128,PMC5109928,NULL,NULL
1129,PMC5110018,NULL,NULL
1130,PMC5111008,Samsung Genome Institute,ORG
1131,PMC5111008,Korea Health Technology R&D Project,ORG
1132,PMC5111008,Ministry of Health & Welfare,ORG
1133,PMC5115183,NULL,NULL
1134,PMC5116597,Xiao-Ping Chen,PERSON
1135,PMC5116597,Quan Yuan,PERSON
1136,PMC5116597,Tian-Ying,PERSON
1137,PMC5122634,NULL,NULL
1138,PMC5123540,NULL,NULL
1139,PMC5127883,NULL,NULL
1140,PMC5130063,Alex S. Leow,PERSON
1141,PMC5130063,Vincent J. Pang,PERSON
1142,PMC5130063,Zhao Xiahong,PERSON
1143,PMC5131453,World Bank,ORG
1144,PMC5131453,SAARC,ORG
1145,PMC5131453,Association of Southeast Asian Nations,ORG
1146,PMC5131453,Avian & Human Influenza Facility,ORG
1147,PMC5131453,Indian Council of Medical Research,ORG
1148,PMC5131453,Indian Council of Agricultural Research,ORG
1149,PMC5131455,NULL,NULL
1150,PMC5134884,NULL,NULL
1151,PMC5137331,NULL,NULL
1152,PMC5138431,NULL,NULL
1153,PMC5143288,NULL,NULL
1154,PMC5143300,NULL,NULL
1155,PMC5143827,NULL,NULL
1156,PMC5154539,NULL,NULL
1157,PMC5161024,NULL,NULL
1158,PMC5161441,NULL,NULL
1159,PMC5161610,NULL,NULL
1160,PMC5172238,NULL,NULL
1161,PMC5172239,NULL,NULL
1162,PMC5172243,NULL,NULL
1163,PMC5172245,NULL,NULL
1164,PMC5172353,NULL,NULL
1165,PMC5172354,NULL,NULL
1166,PMC5172407,NULL,NULL
1167,PMC5172408,NULL,NULL
1168,PMC5172409,NULL,NULL
1169,PMC5172412,NULL,NULL
1170,PMC5172413,NULL,NULL
1171,PMC5172416,NULL,NULL
1172,PMC5172421,NULL,NULL
1173,PMC5172431,NULL,NULL
1174,PMC5172448,NULL,NULL
1175,PMC5172477,NULL,NULL
1176,PMC5172556,NULL,NULL
1177,PMC5180171,NULL,NULL
1178,PMC5187644,NULL,NULL
1179,PMC5192968,NULL,NULL
1180,PMC5203785,NULL,NULL
1181,PMC5204010,NULL,NULL
1182,PMC5204017,NULL,NULL
1183,PMC5206772,NULL,NULL
1184,PMC5207557,NULL,NULL
1185,PMC5210529,NULL,NULL
1186,PMC5210568,NULL,NULL
1187,PMC5210576,The Wellcome Trust,ORG
1188,PMC5214947,NULL,NULL
1189,PMC5221101,NULL,NULL
1190,PMC5223067,NULL,NULL
1191,PMC5226323,NULL,NULL
1192,PMC5234413,NULL,NULL
1193,PMC5240764,NULL,NULL
1194,PMC5245153,NULL,NULL
1195,PMC5253590,NULL,NULL
1196,PMC5256321,NULL,NULL
1197,PMC5259643,FEDER,ORG
1198,PMC5259643,National,ORG
1199,PMC5259643,Ceva Animal Health,ORG
1200,PMC5259643,Boehringer Ingelheim,PERSON
1201,PMC5259643,Royal Canin,ORG
1202,PMC5259643,Dechra,PERSON
1203,PMC5259643,Royal Veterinary College,ORG
1204,PMC5259643,Adriana Belas,PERSON
1205,PMC5259643,Cátia,ORG
1206,PMC5259643,Research Fund,ORG
1207,PMC5259643,Ciencias sem Fronteiras/CNPq,ORG
1208,PMC5259643,Small Animal Hospital,ORG
1209,PMC5259643,Syrjä,ORG
1210,PMC5259643,University of Helsinki,ORG
1211,PMC5259643,Vetcare Oy,ORG
1212,PMC5259643,Fundação de Amparo,PERSON
1213,PMC5259651,NULL,NULL
1214,PMC5260423,NULL,NULL
1215,PMC5264651,NULL,NULL
1216,PMC5287958,NULL,NULL
1217,PMC5289251,NULL,NULL
1218,PMC5289263,NULL,NULL
1219,PMC5290016,NULL,NULL
1220,PMC5290094,NULL,NULL
1221,PMC5291848,Aikaterini Nikolaidou,PERSON
1222,PMC5292137,NULL,NULL
1223,PMC5295174,Virginia Commonwealth University Medical Center,ORG
1224,PMC5295174,Anesthesia Critical Care Medicine,ORG
1225,PMC5295174,Aubrey Sage McFarlane,PERSON
1226,PMC5295477,NULL,NULL
1227,PMC5298151,NULL,NULL
1228,PMC5300911,NULL,NULL
1229,PMC5306530,NULL,NULL
1230,PMC5314882,NULL,NULL
1231,PMC5314884,NULL,NULL
1232,PMC5321322,NULL,NULL
1233,PMC5321387,NULL,NULL
1234,PMC5326940,NULL,NULL
1235,PMC5329633,NULL,NULL
1236,PMC5335763,NULL,NULL
1237,PMC5336990,NULL,NULL
1238,PMC5337467,NULL,NULL
1239,PMC5339006,NULL,NULL
1240,PMC5339100,NULL,NULL
1241,PMC5339507,NULL,NULL
1242,PMC5344362,NULL,NULL
1243,PMC5345322,NULL,NULL
1244,PMC5349256,NULL,NULL
1245,PMC5349698,NULL,NULL
1246,PMC5352958,National Health & Medical Research Council Centre of Research Excellence in Population Health Research,ORG
1247,PMC5352958,Gap,ORG
1248,PMC5353286,NULL,NULL
1249,PMC5354050,NULL,NULL
1250,PMC5357094,NULL,NULL
1251,PMC5360578,NULL,NULL
1252,PMC5362002,NULL,NULL
1253,PMC5362011,NULL,NULL
1254,PMC5362014,NULL,NULL
1255,PMC5362843,NULL,NULL
1256,PMC5362848,NULL,NULL
1257,PMC5369860,NULL,NULL
1258,PMC5378990,NULL,NULL
1259,PMC5380771,NULL,NULL
1260,PMC5381247,NULL,NULL
1261,PMC5383171,NULL,NULL
1262,PMC5383177,NULL,NULL
1263,PMC5383605,NULL,NULL
1264,PMC5386604,NULL,NULL
1265,PMC5387908,NULL,NULL
1266,PMC5388287,NULL,NULL
1267,PMC5389523,NULL,NULL
1268,PMC5389538,NULL,NULL
1269,PMC5389563,NULL,NULL
1270,PMC5392044,NULL,NULL
1271,PMC5396833,NULL,NULL
1272,PMC5402204,NULL,NULL
1273,PMC5402897,NULL,NULL
1274,PMC5403965,NULL,NULL
1275,PMC5404243,NULL,NULL
1276,PMC5404248,NULL,NULL
1277,PMC5404250,NULL,NULL
1278,PMC5404251,NULL,NULL
1279,PMC5404255,Post-SARS Reconstruction,ORG
1280,PMC5404271,GHSA External Assessment Working Group,ORG
1281,PMC5404271,GHSA External Assessment Task Force,ORG
1282,PMC5404271,Executive Yuan,ORG
1283,PMC5404271,Ministry of Health & Welfare,ORG
1284,PMC5404271,University of Pittsburgh Medical Center Center for Health Security,ORG
1285,PMC5405888,NULL,NULL
1286,PMC5407053,NULL,NULL
1287,PMC5410617,NULL,NULL
1288,PMC5411999,NULL,NULL
1289,PMC5413998,NULL,NULL
1290,PMC5414027,NULL,NULL
1291,PMC5414085,NULL,NULL
1292,PMC5415293,NULL,NULL
1293,PMC5415322,NULL,NULL
1294,PMC5423349,NULL,NULL
1295,PMC5424790,NULL,NULL
1296,PMC5424795,NULL,NULL
1297,PMC5430811,NULL,NULL
1298,PMC5433407,NULL,NULL
1299,PMC5434980,BRSV,ORG
1300,PMC5435039,NULL,NULL
1301,PMC5435056,NULL,NULL
1302,PMC5435593,NULL,NULL
1303,PMC5436233,NULL,NULL
1304,PMC5441323,NULL,NULL
1305,PMC5441328,NULL,NULL
1306,PMC5441360,NULL,NULL
1307,PMC5441380,NULL,NULL
1308,PMC5443060,NULL,NULL
1309,PMC5444396,NULL,NULL
1310,PMC5447183,NULL,NULL
1311,PMC5447184,NULL,NULL
1312,PMC5447409,NULL,NULL
1313,PMC5449628,NULL,NULL
1314,PMC5451345,NULL,NULL
1315,PMC5454147,NULL,NULL
1316,PMC5454172,NULL,NULL
1317,PMC5454179,NULL,NULL
1318,PMC5454182,NULL,NULL
1319,PMC5454183,NULL,NULL
1320,PMC5461319,NULL,NULL
1321,PMC5462161,NULL,NULL
1322,PMC5462175,NULL,NULL
1323,PMC5462247,NULL,NULL
1324,PMC5462267,NULL,NULL
1325,PMC5462650,NULL,NULL
1326,PMC5466428,NULL,NULL
1327,PMC5467638,NULL,NULL
1328,PMC5473057,NULL,NULL
1329,PMC5480069,NULL,NULL
1330,PMC5484425,NULL,NULL
1331,PMC5484510,NULL,NULL
1332,PMC5484650,NULL,NULL
1333,PMC5487798,NULL,NULL
1334,PMC5489272,NULL,NULL
1335,PMC5489471,NULL,NULL
1336,PMC5491158,NULL,NULL
1337,PMC5491572,NULL,NULL
1338,PMC5494402,NULL,NULL
1339,PMC5496505,NULL,NULL
1340,PMC5500737,NULL,NULL
1341,PMC5500739,NULL,NULL
1342,PMC5502429,NULL,NULL
1343,PMC5505021,NULL,NULL
1344,PMC5505480,NULL,NULL
1345,PMC5508335,NULL,NULL
1346,PMC5508774,NULL,NULL
1347,PMC5510245,NULL,NULL
1348,PMC5511955,NULL,NULL
1349,PMC5512299,NULL,NULL
1350,PMC5517379,NULL,NULL
1351,PMC5522578,NULL,NULL
1352,PMC5522984,NULL,NULL
1353,PMC5524243,NULL,NULL
1354,PMC5528940,NULL,NULL
1355,PMC5528950,NULL,NULL
1356,PMC5532318,NULL,NULL
1357,PMC5533572,NULL,NULL
1358,PMC5534216,NULL,NULL
1359,PMC5540958,NULL,NULL
1360,PMC5540962,NULL,NULL
1361,PMC5540967,NULL,NULL
1362,PMC5546778,NULL,NULL
1363,PMC5546801,Acute Infectious Diseases,ORG
1364,PMC5546975,NULL,NULL
1365,PMC5547955,NULL,NULL
1366,PMC5548497,State Health Leadership Initiative,ORG
1367,PMC5548497,S/THOs,ORG
1368,PMC5559360,NULL,NULL
1369,PMC5565921,NULL,NULL
1370,PMC5565944,NULL,NULL
1371,PMC5565992,NULL,NULL
1372,PMC5566081,NULL,NULL
1373,PMC5567081,NULL,NULL
1374,PMC5571741,NULL,NULL
1375,PMC5573743,NULL,NULL
1376,PMC5576205,NULL,NULL
1377,PMC5583413,NULL,NULL
1378,PMC5583425,NULL,NULL
1379,PMC5583508,NULL,NULL
1380,PMC5586729,Defense Advanced Research Projects Agency,ORG
1381,PMC5587821,NULL,NULL
1382,PMC5588235,NULL,NULL
1383,PMC5588286,NULL,NULL
1384,PMC5591953,NULL,NULL
1385,PMC5592169,NULL,NULL
1386,PMC5592190,NULL,NULL
1387,PMC5598904,NULL,NULL
1388,PMC5603477,NULL,NULL
1389,PMC5615425,NULL,NULL
1390,PMC5617848,NULL,NULL
1391,PMC5617852,NULL,NULL
1392,PMC5627338,NULL,NULL
1393,PMC5628314,Fundación Educación Superior-Empresa,ORG
1394,PMC5630716,NULL,NULL
1395,PMC5630798,NULL,NULL
1396,PMC5630887,NULL,NULL
1397,PMC5631006,NULL,NULL
1398,PMC5631216,NULL,NULL
1399,PMC5631788,NULL,NULL
1400,PMC5631925,NULL,NULL
1401,PMC5631947,NULL,NULL
1402,PMC5632013,NULL,NULL
1403,PMC5632742,NULL,NULL
1404,PMC5636051,NULL,NULL
1405,PMC5638836,NULL,NULL
1406,PMC5639826,NULL,NULL
1407,PMC5641684,NULL,NULL
1408,PMC5643733,NULL,NULL
1409,PMC5643837,NULL,NULL
1410,PMC5645859,NULL,NULL
1411,PMC5646730,NULL,NULL
1412,PMC5646734,NULL,NULL
1413,PMC5647739,NULL,NULL
1414,PMC5652284,NULL,NULL
1415,PMC5652622,NULL,NULL
1416,PMC5654029,NULL,NULL
1417,PMC5655903,NULL,NULL
1418,PMC5656358,NULL,NULL
1419,PMC5656745,NULL,NULL
1420,PMC5658573,NULL,NULL
1421,PMC5658673,NULL,NULL
1422,PMC5658968,NULL,NULL
1423,PMC5661857,NULL,NULL
1424,PMC5666328,NULL,NULL
1425,PMC5667425,NULL,NULL
1426,PMC5669506,NULL,NULL
1427,PMC5670035,NULL,NULL
1428,PMC5678261,NULL,NULL
1429,PMC5678831,NULL,NULL
1430,PMC5679680,NULL,NULL
1431,PMC5683680,NULL,NULL
1432,PMC5687858,NULL,NULL
1433,PMC5688036,NULL,NULL
1434,PMC5692141,NULL,NULL
1435,PMC5697193,NULL,NULL
1436,PMC5697698,NULL,NULL
1437,PMC5700145,NULL,NULL
1438,PMC5700146,NULL,NULL
1439,PMC5702172,NULL,NULL
1440,PMC5704007,NULL,NULL
1441,PMC5704660,NULL,NULL
1442,PMC5704863,NULL,NULL
1443,PMC5705478,NULL,NULL
1444,PMC5707751,NULL,NULL
1445,PMC5709570,NULL,NULL
1446,PMC5709573,NULL,NULL
1447,PMC5709794,NULL,NULL
1448,PMC5711649,NULL,NULL
1449,PMC5714136,NULL,NULL
1450,PMC5718772,NULL,NULL
1451,PMC5718785,NULL,NULL
1452,PMC5718809,NULL,NULL
1453,PMC5718814,NULL,NULL
1454,PMC5721408,NULL,NULL
1455,PMC5724199,NULL,NULL
1456,PMC5726591,NULL,NULL
1457,PMC5729325,NULL,NULL
1458,PMC5734420,NULL,NULL
1459,PMC5734797,NULL,NULL
1460,PMC5737525,NULL,NULL
1461,PMC5737552,NULL,NULL
1462,PMC5738538,NULL,NULL
1463,PMC5738603,NULL,NULL
1464,PMC5740593,NULL,NULL
1465,PMC5743469,NULL,NULL
1466,PMC5745179,NULL,NULL
1467,PMC5749307,NULL,NULL
1468,PMC5749487,NULL,NULL
1469,PMC5751915,NULL,NULL
1470,PMC5754334,NULL,NULL
1471,PMC5754344,NULL,NULL
1472,PMC5759936,NULL,NULL
1473,PMC5759945,NULL,NULL
1474,PMC5760977,NULL,NULL
1475,PMC5763445,NULL,NULL
1476,PMC5767959,NULL,NULL
1477,PMC5769220,NULL,NULL
1478,PMC5769893,NULL,NULL
1479,PMC5772843,Fundação Amparo à Pesquisa,ORG
1480,PMC5776902,NULL,NULL
1481,PMC5779534,NULL,NULL
1482,PMC5780124,NULL,NULL
1483,PMC5781299,NULL,NULL
1484,PMC5783036,NULL,NULL
1485,PMC5784585,NULL,NULL
1486,PMC5784644,NULL,NULL
1487,PMC5785625,NULL,NULL
1488,PMC5787162,NULL,NULL
1489,PMC5787188,Comparative Gastroenterology Society,ORG
1490,PMC5787188,Naniboujou Research Legacy,ORG
1491,PMC5787188,Boehringer Ingelheim,PERSON
1492,PMC5787188,Petsavers,ORG
1493,PMC5787188,Langford Vets,ORG
1494,PMC5787188,Agria,ORG
1495,PMC5787188,Zoetis Animal Health,ORG
1496,PMC5787188,Bayer Animal Health,ORG
1497,PMC5787188,BSAVA Petsavers,ORG
1498,PMC5787188,Langford Vets Clinical Research Fund,ORG
1499,PMC5787188,Elizabeth Blackwell Institute,ORG
1500,PMC5787188,Alumni Fund,ORG
1501,PMC5787188,The Wellcome Trust,ORG
1502,PMC5787188,Langford Trust AH,ORG
1503,PMC5787188,Dechra Ltd,ORG
1504,PMC5787188,Dechra,PERSON
1505,PMC5787188,American Kennel Club,ORG
1506,PMC5787188,CIISA,ORG
1507,PMC5787188,FCT,ORG
1508,PMC5787188,Morris Animal Foundation,ORG
1509,PMC5787188,NSW Cat Protection Society,ORG
1510,PMC5787188,Australian Companion Animal Health Foundation,ORG
1511,PMC5787188,Langford Trust,ORG
1512,PMC5787188,Zutshi Smith PhD,ORG
1513,PMC5787188,Royal Canin,ORG
1514,PMC5787188,University of Glasgow,ORG
1515,PMC5787188,Amanda Paul,PERSON
1516,PMC5787188,Jason Stayt,PERSON
1517,PMC5787188,ZonMW,ORG
1518,PMC5788108,NULL,NULL
1519,PMC5788842,NULL,NULL
1520,PMC5791583,NULL,NULL
1521,PMC5795046,NULL,NULL
1522,PMC5797246,NULL,NULL
1523,PMC5797860,NULL,NULL
1524,PMC5798318,NULL,NULL
1525,PMC5798700,NULL,NULL
1526,PMC5798748,NULL,NULL
1527,PMC5799402,NULL,NULL
1528,PMC5804852,NULL,NULL
1529,PMC5809820,NULL,NULL
1530,PMC5810437,VIZIONS,ORG
1531,PMC5810437,Henry Dale Fellow,PERSON
1532,PMC5810437,Royal Society,ORG
1533,PMC5813223,NULL,NULL
1534,PMC5815119,NULL,NULL
1535,PMC5815418,NULL,NULL
1536,PMC5815448,NULL,NULL
1537,PMC5819919,NULL,NULL
1538,PMC5822880,NULL,NULL
1539,PMC5822887,NULL,NULL
1540,PMC5823818,NULL,NULL
1541,PMC5828518,NULL,NULL
1542,PMC5829850,NULL,NULL
1543,PMC5829903,NULL,NULL
1544,PMC5831680,NULL,NULL
1545,PMC5831684,NULL,NULL
1546,PMC5832014,NULL,NULL
1547,PMC5836940,NULL,NULL
1548,PMC5839790,NULL,NULL
1549,PMC5840604,NULL,NULL
1550,PMC5840605,NULL,NULL
1551,PMC5841381,NULL,NULL
1552,PMC5843104,NULL,NULL
1553,PMC5846056,NULL,NULL
1554,PMC5847487,NULL,NULL
1555,PMC5850291,NULL,NULL
1556,PMC5851717,NULL,NULL
1557,PMC5852397,NULL,NULL
1558,PMC5854841,NULL,NULL
1559,PMC5856488,NULL,NULL
1560,PMC5857668,NULL,NULL
1561,PMC5857709,NULL,NULL
1562,PMC5858505,NULL,NULL
1563,PMC5858513,NULL,NULL
1564,PMC5858665,NULL,NULL
1565,PMC5866576,NULL,NULL
1566,PMC5866964,NULL,NULL
1567,PMC5867002,NULL,NULL
1568,PMC5870463,NULL,NULL
1569,PMC5871024,NULL,NULL
1570,PMC5871025,NULL,NULL
1571,PMC5873549,NULL,NULL
1572,PMC5874507,NULL,NULL
1573,PMC5875674,NULL,NULL
1574,PMC5877979,NULL,NULL
1575,PMC5879068,NULL,NULL
1576,PMC5884222,NULL,NULL
1577,PMC5887285,NULL,NULL
1578,PMC5887474,NULL,NULL
1579,PMC5888411,NULL,NULL
1580,PMC5888719,NULL,NULL
1581,PMC5889623,NULL,NULL
1582,PMC5890540,NULL,NULL
1583,PMC5890542,FDA,ORG
1584,PMC5890544,NULL,NULL
1585,PMC5890575,NULL,NULL
1586,PMC5892381,NULL,NULL
1587,PMC5893201,NULL,NULL
1588,PMC5893383,NULL,NULL
1589,PMC5894362,NULL,NULL
1590,PMC5896642,NULL,NULL
1591,PMC5901157,NULL,NULL
1592,PMC5908256,NULL,NULL
1593,PMC5909102,NULL,NULL
1594,PMC5910645,NULL,NULL
1595,PMC5912494,NULL,NULL
1596,PMC5925397,NULL,NULL
1597,PMC5925413,NULL,NULL
1598,PMC5925856,NULL,NULL
1599,PMC5930480,NULL,NULL
1600,PMC5931241,NULL,NULL
1601,PMC5933338,NULL,NULL
1602,PMC5933891,NULL,NULL
1603,PMC5935160,NULL,NULL
1604,PMC5938207,NULL,NULL
1605,PMC5938208,NULL,NULL
1606,PMC5939068,NULL,NULL
1607,PMC5941163,NULL,NULL
1608,PMC5945578,NULL,NULL
1609,PMC5952104,NULL,NULL
1610,PMC5952916,NULL,NULL
1611,PMC5958661,NULL,NULL
1612,PMC5958949,NULL,NULL
1613,PMC5961648,NULL,NULL
1614,PMC5962645,NULL,NULL
1615,PMC5968802,NULL,NULL
1616,PMC5971196,NULL,NULL
1617,PMC5974704,NULL,NULL
1618,PMC5979868,NULL,NULL
1619,PMC5982361,NULL,NULL
1620,PMC5982794,NULL,NULL
1621,PMC5989030,NULL,NULL
1622,PMC5989828,NULL,NULL
1623,PMC5990444,NULL,NULL
1624,PMC5990643,NULL,NULL
1625,PMC5995033,NULL,NULL
1626,PMC5995217,NULL,NULL
1627,PMC5996191,NULL,NULL
1628,PMC6001576,NULL,NULL
1629,PMC6001966,NULL,NULL
1630,PMC6002070,NULL,NULL
1631,PMC6003223,NULL,NULL
1632,PMC6006794,NULL,NULL
1633,PMC6007387,NULL,NULL
1634,PMC6009648,NULL,NULL
1635,PMC6011136,NULL,NULL
1636,PMC6018847,NULL,NULL
1637,PMC6021362,NULL,NULL
1638,PMC6021885,NULL,NULL
1639,PMC6024350,NULL,NULL
1640,PMC6026690,NULL,NULL
1641,PMC6028058,NULL,NULL
1642,PMC6028506,NULL,NULL
1643,PMC6030661,NULL,NULL
1644,PMC6031595,NULL,NULL
1645,PMC6031596,NULL,NULL
1646,PMC6031603,NULL,NULL
1647,PMC6035330,NULL,NULL
1648,PMC6036716,NULL,NULL
1649,PMC6037157,NULL,NULL
1650,PMC6039859,NULL,NULL
1651,PMC6042015,NULL,NULL
1652,PMC6042130,NULL,NULL
1653,PMC6043914,ICAR Program,ORG
1654,PMC6043914,Justin Julander,PERSON
1655,PMC6047622,NULL,NULL
1656,PMC6048375,NULL,NULL
1657,PMC6057238,NULL,NULL
1658,PMC6058931,NULL,NULL
1659,PMC6063277,NULL,NULL
1660,PMC6066731,NULL,NULL
1661,PMC6067792,NULL,NULL
1662,PMC6068295,NULL,NULL
1663,PMC6068298,NULL,NULL
1664,PMC6068308,NULL,NULL
1665,PMC6070590,NULL,NULL
1666,PMC6072144,NULL,NULL
1667,PMC6074274,NULL,NULL
1668,PMC6074457,NULL,NULL
1669,PMC6074560,NULL,NULL
1670,PMC6074883,NULL,NULL
1671,PMC6076168,NULL,NULL
1672,PMC6076373,NULL,NULL
1673,PMC6078241,NULL,NULL
1674,PMC6078531,NULL,NULL
1675,PMC6078659,NULL,NULL
1676,PMC6078760,NULL,NULL
1677,PMC6080647,NULL,NULL
1678,PMC6080657,NULL,NULL
1679,PMC6082427,NULL,NULL
1680,PMC6082650,NULL,NULL
1681,PMC6082671,NULL,NULL
1682,PMC6085545,NULL,NULL
1683,PMC6087987,NULL,NULL
1684,PMC6087989,NULL,NULL
1685,PMC6088015,NULL,NULL
1686,PMC6089276,NULL,NULL
1687,PMC6092178,NULL,NULL
1688,PMC6092179,NULL,NULL
1689,PMC6096409,NULL,NULL
1690,PMC6097522,NULL,NULL
1691,PMC6104569,NULL,NULL
1692,PMC6108092,NULL,NULL
1693,PMC6108254,Deputy of Research & Technology,ORG
1694,PMC6108254,Mazandaran Heart Center,ORG
1695,PMC6111220,NULL,NULL
1696,PMC6111625,NULL,NULL
1697,PMC6115208,NULL,NULL
1698,PMC6118186,NULL,NULL
1699,PMC6118283,NULL,NULL
1700,PMC6120744,Natural Sciences & Engineering Research Council of Canada,ORG
1701,PMC6120744,National Research Foundation of Korea Grant,ORG
1702,PMC6125629,NULL,NULL
1703,PMC6125687,NULL,NULL
1704,PMC6125856,NULL,NULL
1705,PMC6127845,NULL,NULL
1706,PMC6130831,NULL,NULL
1707,PMC6132233,NULL,NULL
1708,PMC6133644,Editage Language Editing Services,ORG
1709,PMC6136076,NULL,NULL
1710,PMC6137296,NULL,NULL
1711,PMC6138378,NULL,NULL
1712,PMC6138856,NULL,NULL
1713,PMC6140756,NULL,NULL
1714,PMC6144806,NULL,NULL
1715,PMC6144811,NULL,NULL
1716,PMC6146581,NULL,NULL
1717,PMC6147391,NULL,NULL
1718,PMC6149024,NULL,NULL
1719,PMC6151073,NULL,NULL
1720,PMC6159381,NULL,NULL
1721,PMC6159731,NULL,NULL
1722,PMC6159783,NULL,NULL
1723,PMC6160310,NULL,NULL
1724,PMC6160878,NULL,NULL
1725,PMC6160892,NULL,NULL
1726,PMC6161867,NULL,NULL
1727,PMC6165773,NULL,NULL
1728,PMC6166599,NULL,NULL
1729,PMC6167398,NULL,NULL
1730,PMC6169660,NULL,NULL
1731,PMC6170168,NULL,NULL
1732,PMC6170959,NULL,NULL
1733,PMC6172518,NULL,NULL
1734,PMC6174282,NULL,NULL
1735,PMC6174296,NULL,NULL
1736,PMC6174684,NULL,NULL
1737,PMC6175709,NULL,NULL
1738,PMC6182197,NULL,NULL
1739,PMC6188560,NULL,NULL
1740,PMC6190172,NULL,NULL
1741,PMC6190919,NULL,NULL
1742,PMC6193889,NULL,NULL
1743,PMC6195135,NULL,NULL
1744,PMC6196693,NULL,NULL
1745,PMC6198162,NULL,NULL
1746,PMC6201038,NULL,NULL
1747,PMC6201323,NULL,NULL
1748,PMC6203894,NULL,NULL
1749,PMC6205447,NULL,NULL
1750,PMC6205567,NULL,NULL
1751,PMC6205579,NULL,NULL
1752,PMC6212712,NULL,NULL
1753,PMC6213842,NULL,NULL
1754,PMC6216255,NULL,NULL
1755,PMC6220942,NULL,NULL
1756,PMC6223193,NULL,NULL
1757,PMC6230537,NULL,NULL
1758,PMC6234170,NULL,NULL
1759,PMC6235543,NULL,NULL
1760,PMC6238656,NULL,NULL
1761,PMC6243413,NULL,NULL
1762,PMC6245375,NULL,NULL
1763,PMC6247124,NULL,NULL
1764,PMC6247136,NULL,NULL
1765,PMC6249560,NULL,NULL
1766,PMC6249570,NULL,NULL
1767,PMC6251810,NULL,NULL
1768,PMC6251963,NULL,NULL
1769,PMC6252006,NULL,NULL
1770,PMC6252904,Polish National Science Centre,ORG
1771,PMC6252904,Foundation for Polish Science,ORG
1772,PMC6252904,Nucleome Positioning System for Spatiotemporal Genome Organization,ORG
1773,PMC6252904,DNucleome NIH,ORG
1774,PMC6252950,NULL,NULL
1775,PMC6253283,NULL,NULL
1776,PMC6253624,NULL,NULL
1777,PMC6253674,NULL,NULL
1778,PMC6254255,NULL,NULL
1779,PMC6254533,NULL,NULL
1780,PMC6254639,NULL,NULL
1781,PMC6254671,NULL,NULL
1782,PMC6255065,NULL,NULL
1783,PMC6255574,NULL,NULL
1784,PMC6258519,NULL,NULL
1785,PMC6261820,NULL,NULL
1786,PMC6261828,NULL,NULL
1787,PMC6265586,NULL,NULL
1788,PMC6269171,NULL,NULL
1789,PMC6271284,NULL,NULL
1790,PMC6272036,NULL,NULL
1791,PMC6272043,NULL,NULL
1792,PMC6274652,NULL,NULL
1793,PMC6274668,NULL,NULL
1794,PMC6275129,NULL,NULL
1795,PMC6276617,NULL,NULL
1796,PMC6283655,NULL,NULL
1797,PMC6284464,NULL,NULL
1798,PMC6286401,NULL,NULL
1799,PMC6287304,NULL,NULL
1800,PMC6288515,NULL,NULL
1801,PMC6289945,NULL,NULL
1802,PMC6294899,NULL,NULL
1803,PMC6296008,NULL,NULL
1804,PMC6296814,NULL,NULL
1805,PMC6298390,NULL,NULL
1806,PMC6299699,NULL,NULL
1807,PMC6305510,NULL,NULL
1808,PMC6306323,NULL,NULL
1809,PMC6306324,NULL,NULL
1810,PMC6306328,NULL,NULL
1811,PMC6306566,NULL,NULL
1812,PMC6306626,NULL,NULL
1813,PMC6308371,NULL,NULL
1814,PMC6312525,NULL,NULL
1815,PMC6312652,NULL,NULL
1816,PMC6314400,NULL,NULL
1817,PMC6326218,NULL,NULL
1818,PMC6327090,NULL,NULL
1819,PMC6327234,NULL,NULL
1820,PMC6328038,NULL,NULL
1821,PMC6335513,NULL,NULL
1822,PMC6341784,NULL,NULL
1823,PMC6342712,NULL,NULL
1824,PMC6343204,NULL,NULL
1825,PMC6343791,NULL,NULL
1826,PMC6344663,NULL,NULL
1827,PMC6345639,NULL,NULL
1828,PMC6346762,NULL,NULL
1829,PMC6348358,NULL,NULL
1830,PMC6352770,"Subnational, National",ORG
1831,PMC6352812,NULL,NULL
1832,PMC6353567,NULL,NULL
1833,PMC6354037,NULL,NULL
1834,PMC6354722,NULL,NULL
1835,PMC6359879,NULL,NULL
1836,PMC6360872,NULL,NULL
1837,PMC6361340,R&D Blueprint,ORG
1838,PMC6362765,NULL,NULL
1839,PMC6363154,NULL,NULL
1840,PMC6363457,NULL,NULL
1841,PMC6367555,NULL,NULL
1842,PMC6369128,NULL,NULL
1843,PMC6369131,NULL,NULL
1844,PMC6369741,NULL,NULL
1845,PMC6378949,NULL,NULL
1846,PMC6379798,NULL,NULL
1847,PMC6380834,NULL,NULL
1848,PMC6382747,NULL,NULL
1849,PMC6386816,NULL,NULL
1850,PMC6388048,NULL,NULL
1851,PMC6388065,NULL,NULL
1852,PMC6389800,NULL,NULL
1853,PMC6392546,NULL,NULL
1854,PMC6395206,NULL,NULL
1855,PMC6396572,NULL,NULL
1856,PMC6398679,NULL,NULL
1857,PMC6399092,NULL,NULL
1858,PMC6399436,NULL,NULL
1859,PMC6400135,NULL,NULL
1860,PMC6402468,NULL,NULL
1861,PMC6407534,NULL,NULL
1862,PMC6407980,Ping Zhang.,PERSON
1863,PMC6408101,Jun Li.,PERSON
1864,PMC6408131,NULL,NULL
1865,PMC6409222,NULL,NULL
1866,PMC6411217,NULL,NULL
1867,PMC6412113,NULL,NULL
1868,PMC6416407,NULL,NULL
1869,PMC6420165,NULL,NULL
1870,PMC6421468,NULL,NULL
1871,PMC6421595,NULL,NULL
1872,PMC6422504,NULL,NULL
1873,PMC6426712,NULL,NULL
1874,PMC6429638,NULL,NULL
1875,PMC6430354,NULL,NULL
1876,PMC6430874,NULL,NULL
1877,PMC6430884,NULL,NULL
1878,PMC6430897,NULL,NULL
1879,PMC6430903,ECVIM‐CA Clinical Studies Fund JCH,ORG
1880,PMC6430903,OJA,ORG
1881,PMC6430903,NIHR GOSH Biomedical Research Centre PGC,ORG
1882,PMC6430903,Vifor Pharma,ORG
1883,PMC6430903,Veterinary Fund Small Grant Scheme,ORG
1884,PMC6430903,Boehringer Ingelheim,PERSON
1885,PMC6430903,Canine Research Foundation,ORG
1886,PMC6430903,"IDEXX Laboratories, Inc.",ORG
1887,PMC6430903,Rachel Murphy,PERSON
1888,PMC6430903,MSD,ORG
1889,PMC6430903,University of Bristol Veterinary School,ORG
1890,PMC6430903,Royal Canin SAS,ORG
1891,PMC6430903,Boehringer Ingelheim,ORG
1892,PMC6430905,NULL,NULL
1893,PMC6430921,NULL,NULL
1894,PMC6434149,NULL,NULL
1895,PMC6434158,NULL,NULL
1896,PMC6435921,NULL,NULL
1897,PMC6438908,NULL,NULL
1898,PMC6439212,NULL,NULL
1899,PMC6439327,NULL,NULL
1900,PMC6441746,NULL,NULL
1901,PMC6441811,NULL,NULL
1902,PMC6441950,NULL,NULL
1903,PMC6443078,NULL,NULL
1904,PMC6443328,NULL,NULL
1905,PMC6445971,NULL,NULL
1906,PMC6452447,NULL,NULL
1907,PMC6457931,NULL,NULL
1908,PMC6461078,NULL,NULL
1909,PMC6462090,NULL,NULL
1910,PMC6462165,NULL,NULL
1911,PMC6462540,NULL,NULL
1912,PMC6467248,NULL,NULL
1913,PMC6467584,NULL,NULL
1914,PMC6468115,Medical Research Council,ORG
1915,PMC6468171,NULL,NULL
1916,PMC6468174,NULL,NULL
1917,PMC6468216,NULL,NULL
1918,PMC6468283,NULL,NULL
1919,PMC6469342,NULL,NULL
1920,PMC6471772,NULL,NULL
1921,PMC6473096,NULL,NULL
1922,PMC6477548,NULL,NULL
1923,PMC6479159,NULL,NULL
1924,PMC6481979,NULL,NULL
1925,PMC6481985,NULL,NULL
1926,PMC6483904,NULL,NULL
1927,PMC6483914,NULL,NULL
1928,PMC6483923,NULL,NULL
1929,PMC6487761,NULL,NULL
1930,PMC6488820,NULL,NULL
1931,PMC6494772,NULL,NULL
1932,PMC6498771,NULL,NULL
1933,PMC6499400,NULL,NULL
1934,PMC6500299,NULL,NULL
1935,PMC6500347,NULL,NULL
1936,PMC6500415,Anna Sander,PERSON
1937,PMC6500415,Seamus Perry,PERSON
1938,PMC6500415,Catherine Smith,PERSON
1939,PMC6500415,Vox Sanguinis,ORG
1940,PMC6500415,Prof,PERSON
1941,PMC6500415,Defense Academy,ORG
1942,PMC6500415,Keith Shackleton,PERSON
1943,PMC6500855,NULL,NULL
1944,PMC6501061,NULL,NULL
1945,PMC6502063,NULL,NULL
1946,PMC6502078,NULL,NULL
1947,PMC6503696,Deanship of Scientific Research,ORG
1948,PMC6505341,NULL,NULL
1949,PMC6506662,NULL,NULL
1950,PMC6509364,NULL,NULL
1951,PMC6509602,NULL,NULL
1952,PMC6511627,NULL,NULL
1953,PMC6517316,NULL,NULL
1954,PMC6518468,NULL,NULL
1955,PMC6518565,NULL,NULL
1956,PMC6522884,NULL,NULL
1957,PMC6524083,NULL,NULL
1958,PMC6524086,ADM Protexin,PERSON
1959,PMC6524100,NULL,NULL
1960,PMC6531299,NULL,NULL
1961,PMC6531831,NULL,NULL
1962,PMC6534195,NULL,NULL
1963,PMC6541838,NULL,NULL
1964,PMC6542124,NULL,NULL
1965,PMC6547452,NULL,NULL
1966,PMC6548112,NULL,NULL
1967,PMC6548173,NULL,NULL
1968,PMC6561249,NULL,NULL
1969,PMC6561458,NULL,NULL
1970,PMC6571374,NULL,NULL
1971,PMC6571395,Huai-Chen Li.,PERSON
1972,PMC6580184,NULL,NULL
1973,PMC6582406,NULL,NULL
1974,PMC6587559,NULL,NULL
1975,PMC6589000,NULL,NULL
1976,PMC6589770,NULL,NULL
1977,PMC6589958,NULL,NULL
1978,PMC6590187,NULL,NULL
1979,PMC6590882,NULL,NULL
1980,PMC6595052,NULL,NULL
1981,PMC6598183,NULL,NULL
1982,PMC6598302,NULL,NULL
1983,PMC6598719,NULL,NULL
1984,PMC6600605,NULL,NULL
1985,PMC6601091,NULL,NULL
1986,PMC6601520,NULL,NULL
1987,PMC6605520,NULL,NULL
1988,PMC6608674,NULL,NULL
1989,PMC6609751,NULL,NULL
1990,PMC6612493,NULL,NULL
1991,PMC6614802,NULL,NULL
1992,PMC6614838,NULL,NULL
1993,PMC6626070,NULL,NULL
1994,PMC6630057,NULL,NULL
1995,PMC6630180,NULL,NULL
1996,PMC6635179,NULL,NULL
1997,PMC6635749,NULL,NULL
1998,PMC6639469,NULL,NULL
1999,PMC6639490,NULL,NULL
2000,PMC6639563,NULL,NULL
2001,PMC6640306,NULL,NULL
2002,PMC6642283,NULL,NULL
2003,PMC6646904,NULL,NULL
2004,PMC6656820,NULL,NULL
2005,PMC6658410,NULL,NULL
2006,PMC6659456,NULL,NULL
2007,PMC6660446,NULL,NULL
2008,PMC6663043,NULL,NULL
2009,PMC6663136,NULL,NULL
2010,PMC6666802,NULL,NULL
2011,PMC6666827,NULL,NULL
2012,PMC6668225,NULL,NULL
2013,PMC6669205,NULL,NULL
2014,PMC6676006,NULL,NULL
2015,PMC6679631,NULL,NULL
2016,PMC6679678,NULL,NULL
2017,PMC6682551,NULL,NULL
2018,PMC6683984,NULL,NULL
2019,PMC6684224,NULL,NULL
2020,PMC6686317,NULL,NULL
2021,PMC6691660,NULL,NULL
2022,PMC6694993,NULL,NULL
2023,PMC6695009,NULL,NULL
2024,PMC6699013,NULL,NULL
2025,PMC6699014,NULL,NULL
2026,PMC6702889,NULL,NULL
2027,PMC6702934,NULL,NULL
2028,PMC6703300,NULL,NULL
2029,PMC6708098,Iran University of Medical Sciences,ORG
2030,PMC6709804,NULL,NULL
2031,PMC6710720,NULL,NULL
2032,PMC6711445,NULL,NULL
2033,PMC6711719,NULL,NULL
2034,PMC6711720,NULL,NULL
2035,PMC6713166,NULL,NULL
2036,PMC6713957,NULL,NULL
2037,PMC6715885,NULL,NULL
2038,PMC6715958,NULL,NULL
2039,PMC6716594,NULL,NULL
2040,PMC6717854,NULL,NULL
2041,PMC6718828,NULL,NULL
2042,PMC6718855,NULL,NULL
2043,PMC6726584,NULL,NULL
2044,PMC6730573,NULL,NULL
2045,PMC6730581,NULL,NULL
2046,PMC6734950,NULL,NULL
2047,PMC6735637,NULL,NULL
2048,PMC6735695,NULL,NULL
2049,PMC6735706,NULL,NULL
2050,PMC6735769,NULL,NULL
2051,PMC6736029,NULL,NULL
2052,PMC6736086,NULL,NULL
2053,PMC6737869,NULL,NULL
2054,PMC6739741,NULL,NULL
2055,PMC6745427,NULL,NULL
2056,PMC6746646,NULL,NULL
2057,PMC6750349,Chun-Yi Lin.,PERSON
2058,PMC6753520,NULL,NULL
2059,PMC6755258,NULL,NULL
2060,PMC6755415,NULL,NULL
2061,PMC6766493,NULL,NULL
2062,PMC6767541,NULL,NULL
2063,PMC6767964,NULL,NULL
2064,PMC6768261,NULL,NULL
2065,PMC6771820,NULL,NULL
2066,PMC6771835,NULL,NULL
2067,PMC6773297,NULL,NULL
2068,PMC6773388,NULL,NULL
2069,PMC6775375,NULL,NULL
2070,PMC6778745,NULL,NULL
2071,PMC6780997,NULL,NULL
2072,PMC6782023,NULL,NULL
2073,PMC6786705,NULL,NULL
2074,PMC6786727,NULL,NULL
2075,PMC6787879,NULL,NULL
2076,PMC6788414,NULL,NULL
2077,PMC6789926,NULL,NULL
2078,PMC6790572,NULL,NULL
2079,PMC6797241,NULL,NULL
2080,PMC6797873,NULL,NULL
2081,PMC6797893,NULL,NULL
2082,PMC6800557,NULL,NULL
2083,PMC6808661,NULL,NULL
2084,PMC6808672,NULL,NULL
2085,PMC6809267,NULL,NULL
2086,PMC6809478,NULL,NULL
2087,PMC6809817,NULL,NULL
2088,PMC6809912,NULL,NULL
2089,PMC6810005,NULL,NULL
2090,PMC6810026,NULL,NULL
2091,PMC6810424,NULL,NULL
2092,PMC6810513,NULL,NULL
2093,PMC6816404,NULL,NULL
2094,PMC6816421,NULL,NULL
2095,PMC6816440,NULL,NULL
2096,PMC6818521,NULL,NULL
2097,PMC6820248,NULL,NULL
2098,PMC6821451,NULL,NULL
2099,PMC6821460,NULL,NULL
2100,PMC6824528,NULL,NULL
2101,PMC6826086,NULL,NULL
2102,PMC6827722,NULL,NULL
2103,PMC6830658,NULL,NULL
2104,PMC6831822,NULL,NULL
2105,PMC6831848,NULL,NULL
2106,PMC6831852,NULL,NULL
2107,PMC6844224,NULL,NULL
2108,PMC6844444,NULL,NULL
2109,PMC6849029,NULL,NULL
2110,PMC6849764,NULL,NULL
2111,PMC6850142,NULL,NULL
2112,PMC6850639,NULL,NULL
2113,PMC6852001,NULL,NULL
2114,PMC6852529,NULL,NULL
2115,PMC6854078,NULL,NULL
2116,PMC6855363,NULL,NULL
2117,PMC6855481,NULL,NULL
2118,PMC6858191,NULL,NULL
2119,PMC6858837,NULL,NULL
2120,PMC6861118,NULL,NULL
2121,PMC6863716,NULL,NULL
2122,PMC6863717,NULL,NULL
2123,PMC6864588,NULL,NULL
2124,PMC6865078,NULL,NULL
2125,PMC6865829,NULL,NULL
2126,PMC6870560,NULL,NULL
2127,PMC6880008,NULL,NULL
2128,PMC6881700,NULL,NULL
2129,PMC6882434,NULL,NULL
2130,PMC6882717,NULL,NULL
2131,PMC6883195,NULL,NULL
2132,PMC6883198,NULL,NULL
2133,PMC6887017,NULL,NULL
2134,PMC6889234,NULL,NULL
2135,PMC6895754,The Thailand Research Fund,ORG
2136,PMC6895754,Centre of Excellence in Clinical Virology,ORG
2137,PMC6900175,NULL,NULL
2138,PMC6902309,NULL,NULL
2139,PMC6904780,NULL,NULL
2140,PMC6905246,NULL,NULL
2141,PMC6912850,NULL,NULL
2142,PMC6916331,NULL,NULL
2143,PMC6925545,NULL,NULL
2144,PMC6930991,NULL,NULL
2145,PMC6933230,NULL,NULL
2146,PMC6937528,NULL,NULL
2147,PMC6938705,NULL,NULL
2148,PMC6942430,NULL,NULL
2149,PMC6943314,NULL,NULL
2150,PMC6943318,NULL,NULL
2151,PMC6943330,NULL,NULL
2152,PMC6945269,NULL,NULL
2153,PMC6945951,NULL,NULL
2154,PMC6946222,HCW,ORG
2155,PMC6946222,Systems Development Group,ORG
2156,PMC6949447,NULL,NULL
2157,PMC6950429,NULL,NULL
2158,PMC6951492,NULL,NULL
2159,PMC6951814,NULL,NULL
2160,PMC6954091,NULL,NULL
2161,PMC6964808,NULL,NULL
2162,PMC6971353,NULL,NULL
2163,PMC6979112,NULL,NULL
2164,PMC6979264,NULL,NULL
2165,PMC6979267,CEVA Sante Animale,PERSON
2166,PMC6979267,Affinity Petcare SA,ORG
2167,PMC6979267,Canine Diabetes Genetics Partnership,ORG
2168,PMC6979267,Dechra Veterinary Products,ORG
2169,PMC6979267,PetPlan Charitable Trust,ORG
2170,PMC6979267,Marsha Wallace,PERSON
2171,PMC6979267,UK Medical Research Council,ORG
2172,PMC6979267,BSAVA PetSavers,ORG
2173,PMC6979267,ACVIM Resident Research Grant,ORG
2174,PMC6979267,Australian Research Council,ORG
2175,PMC6979267,Universityes of Sydney,ORG
2176,PMC6979267,"University of California, Davis",ORG
2177,PMC6979267,Australian Infectious Diseases Advisory Panel,ORG
2178,PMC6979267,Zoetis,PERSON
2179,PMC6979267,MSD,ORG
2180,PMC6979267,Swiss Federal Food Safety & Veterinary Office,ORG
2181,PMC6979267,a Royal School of Veterinary Studies Clinical Research Grant,ORG
2182,PMC6979267,Biotechnology & Biosciences Research Council,ORG
2183,PMC6979267,BBSRC,ORG
2184,PMC6979267,Office of The Director,ORG
2185,PMC6979267,Angiosarcoma Awareness Foundation,ORG
2186,PMC6979267,Animal Cancer Care & Research Program,ORG
2187,PMC6979267,Marcus Vinicius,PERSON
2188,PMC6979267,National Research Council / Ciencia Sem Fronteiras,ORG
2189,PMC6979267,Finnish Veterinary Foundation,ORG
2190,PMC6979267,Doctoral Program ‐ Clinical Veterinary Sciences,ORG
2191,PMC6979267,Grupo Fowler,ORG
2192,PMC6979267,Syrjä,ORG
2193,PMC6979267,University of Helsinki,ORG
2194,PMC6979267,None Thomas Spillmann,PERSON
2195,PMC6979267,Veterinary University,ORG
2196,PMC6979267,FEDER/FSE,ORG
2197,PMC6979267,Junta de Extremadura,ORG
2198,PMC6979267,Hill Pet Nutrition,ORG
2199,PMC6983494,NULL,NULL
2200,PMC6983836,NULL,NULL
2201,PMC6990648,NULL,NULL
2202,PMC6995816,NULL,NULL
2203,PMC6996547,NULL,NULL
2204,PMC7000305,NULL,NULL
2205,PMC7000906,NULL,NULL
2206,PMC7001538,NULL,NULL
2207,PMC7002107,NULL,NULL
2208,PMC7002972,NULL,NULL
2209,PMC7008051,NULL,NULL
2210,PMC7008072,NULL,NULL
2211,PMC7008073,NULL,NULL
2212,PMC7008497,NULL,NULL
2213,PMC7008581,NULL,NULL
2214,PMC7010225,NULL,NULL
2215,PMC7012031,NULL,NULL
2216,PMC7016318,NULL,NULL
2217,PMC7017878,NULL,NULL
2218,PMC7019416,NULL,NULL
2219,PMC7024729,NULL,NULL
2220,PMC7025910,NULL,NULL
2221,PMC7026636,NULL,NULL
2222,PMC7027813,NULL,NULL
2223,PMC7028117,NULL,NULL
2224,PMC7028423,NULL,NULL
2225,PMC7029158,National Natural Science Foundation of China,ORG
2226,PMC7029158,Canada Research Chair Program,ORG
2227,PMC7029158,Natural Sciences & Engineering Research Council of Canada,ORG
2228,PMC7029402,NULL,NULL
2229,PMC7031769,NULL,NULL
2230,PMC7031771,NULL,NULL
2231,PMC7033348,NULL,NULL
2232,PMC7036338,NULL,NULL
2233,PMC7036499,NULL,NULL
2234,PMC7036705,NULL,NULL
2235,PMC7036713,NULL,NULL
2236,PMC7039714,NULL,NULL
2237,PMC7039716,NULL,NULL
2238,PMC7041981,NULL,NULL
2239,PMC7042626,NULL,NULL
2240,PMC7043218,NULL,NULL
2241,PMC7044566,NULL,NULL
2242,PMC7044834,NULL,NULL
2243,PMC7044903,NULL,NULL
2244,PMC7046369,NULL,NULL
2245,PMC7047475,NULL,NULL
2246,PMC7049657,NULL,NULL
2247,PMC7049754,NULL,NULL
2248,PMC7050048,NULL,NULL
2249,PMC7050212,NULL,NULL
2250,PMC7052511,NULL,NULL
2251,PMC7052559,NULL,NULL
2252,PMC7057189,NULL,NULL
2253,PMC7058654,NULL,NULL
2254,PMC7059523,NULL,NULL
2255,PMC7060394,NULL,NULL
2256,PMC7061893,NULL,NULL
2257,PMC7065855,NULL,NULL
2258,PMC7066456,NULL,NULL
2259,PMC7068636,Japan Society for the Promotion of Science,ORG
2260,PMC7068636,"Ministry of Education, Culture",ORG
2261,PMC7068636,NSF,ORG
2262,PMC7071545,NULL,NULL
2263,PMC7073442,NULL,NULL
2264,PMC7073717,NULL,NULL
2265,PMC7074654,NULL,NULL
2266,PMC7074660,NULL,NULL
2267,PMC7075079,NULL,NULL
2268,PMC7078524,NULL,NULL
2269,PMC7079041,NULL,NULL
2270,PMC7079301,NULL,NULL
2271,PMC7079996,NULL,NULL
2272,PMC7080180,NULL,NULL
2273,PMC7082661,NULL,NULL
2274,PMC7082662,NULL,NULL
2275,PMC7082663,NULL,NULL
2276,PMC7086085,NULL,NULL
2277,PMC7086086,NULL,NULL
2278,PMC7086087,NULL,NULL
2279,PMC7086482,CSIRO,ORG
2280,PMC7086482,CSL Ltd,ORG
2281,PMC7088586,NULL,NULL
2282,PMC7088696,NULL,NULL
2283,PMC7088789,NULL,NULL
2284,PMC7088802,NULL,NULL
2285,PMC7088907,NULL,NULL
2286,PMC7088918,NULL,NULL
2287,PMC7088934,NULL,NULL
2288,PMC7089044,NULL,NULL
2289,PMC7089374,NULL,NULL
2290,PMC7090313,Leptospira,ORG
2291,PMC7090503,NULL,NULL
2292,PMC7092369,NULL,NULL
2293,PMC7093265,NULL,NULL
2294,PMC7093742,NULL,NULL
2295,PMC7094003,NULL,NULL
2296,PMC7094151,NULL,NULL
2297,PMC7097833,NULL,NULL
2298,PMC7097845,NULL,NULL
2299,PMC7098733,NULL,NULL
2300,PMC7099174,NULL,NULL
2301,PMC7100527,NULL,NULL
2302,PMC7103766,NULL,NULL
2303,PMC7103824,NULL,NULL
2304,PMC7103835,NULL,NULL
2305,PMC7104685,NULL,NULL
2306,PMC7104686,NULL,NULL
2307,PMC7104687,NULL,NULL
2308,PMC7104688,NULL,NULL
2309,PMC7104689,NULL,NULL
2310,PMC7105390,NULL,NULL
2311,PMC7105405,NULL,NULL
2312,PMC7105506,NULL,NULL
2313,PMC7105509,NULL,NULL
2314,PMC7105513,NULL,NULL
2315,PMC7105999,NULL,NULL
2316,PMC7107051,NULL,NULL
2317,PMC7107054,NULL,NULL
2318,PMC7107059,NULL,NULL
2319,PMC7107069,NULL,NULL
2320,PMC7107077,NULL,NULL
2321,PMC7107089,NULL,NULL
2322,PMC7107095,NULL,NULL
2323,PMC7107180,NULL,NULL
2324,PMC7107185,NULL,NULL
2325,PMC7107203,NULL,NULL
2326,PMC7107204,NULL,NULL
2327,PMC7107210,NULL,NULL
2328,PMC7107225,NULL,NULL
2329,PMC7107243,NULL,NULL
2330,PMC7107256,NULL,NULL
2331,PMC7107260,NULL,NULL
2332,PMC7107267,NULL,NULL
2333,PMC7107280,NULL,NULL
2334,PMC7107292,NULL,NULL
2335,PMC7107296,NULL,NULL
2336,PMC7107299,NULL,NULL
2337,PMC7107465,NULL,NULL
2338,PMC7107468,NULL,NULL
2339,PMC7107500,NULL,NULL
2340,PMC7107523,NULL,NULL
2341,PMC7107563,NULL,NULL
2342,PMC7107797,NULL,NULL
2343,PMC7107822,NULL,NULL
2344,PMC7108134,NULL,NULL
2345,PMC7108170,NULL,NULL
2346,PMC7108197,NULL,NULL
2347,PMC7108198,NULL,NULL
2348,PMC7108200,NULL,NULL
2349,PMC7108458,National Institute for Health Research,ORG
2350,PMC7108489,National Institute for Health Research School for Primary Care Research,ORG
2351,PMC7108489,National Institute for Health Research Community Healthcare MedTech,ORG
2352,PMC7108489,Vitro Diagnostics Co,ORG
2353,PMC7108492,Merck,ORG
2354,PMC7108493,NULL,NULL
2355,PMC7109650,NULL,NULL
2356,PMC7109841,NULL,NULL
2357,PMC7109890,NULL,NULL
2358,PMC7109930,NULL,NULL
2359,PMC7109961,NULL,NULL
2360,PMC7110184,NULL,NULL
2361,PMC7110254,NULL,NULL
2362,PMC7110353,NULL,NULL
2363,PMC7110403,Clinical Imaging Science,ORG
2364,PMC7110403,Journal of Clinical Imaging Science,ORG
2365,PMC7111105,NULL,NULL
2366,PMC7111600,NULL,NULL
2367,PMC7112083,NULL,NULL
2368,PMC7113162,NULL,NULL
2369,PMC7113449,NULL,NULL
2370,PMC7113450,NULL,NULL
2371,PMC7113464,NULL,NULL
2372,PMC7113576,NULL,NULL
2373,PMC7113610,NULL,NULL
2374,PMC7114954,NULL,NULL
2375,PMC7115247,NULL,NULL
2376,PMC7117581,NULL,NULL
2377,PMC7117582,NULL,NULL
2378,PMC7117583,NULL,NULL
2379,PMC7117584,NULL,NULL
2380,PMC7117585,NULL,NULL
2381,PMC7117586,NULL,NULL
2382,PMC7117587,NULL,NULL
2383,PMC7117589,NULL,NULL
2384,PMC7117590,NULL,NULL
2385,PMC7117591,NULL,NULL
2386,PMC7117592,NULL,NULL
2387,PMC7117593,NULL,NULL
2388,PMC7117594,NULL,NULL
2389,PMC7117595,NULL,NULL
2390,PMC7117643,NULL,NULL
2391,PMC7118481,NULL,NULL
2392,PMC7122996,NULL,NULL
2393,PMC7123791,NULL,NULL
2394,PMC7125341,NULL,NULL
2395,PMC7131899,NULL,NULL
2396,PMC7131901,NULL,NULL
2397,PMC7131905,NULL,NULL
2398,PMC7131906,NULL,NULL
2399,PMC7133384,NULL,NULL
2400,PMC7133387,NULL,NULL
2401,PMC7136027,NULL,NULL
2402,PMC7137810,NULL,NULL
